id_client,date_entree_relation,annee_entree,age,sexe,sexe_encode,situation_familiale,situation_familiale_encode,tranche_age,situation_professionnelle,region,revenus_annuels,segment_revenus,taux_endettement,score_credit,nb_incidents_paiement,type_credit,montant_credit,duree_credit_mois,taux_interet,garantie,garantie_encode,nb_credits_actifs,anciennete_finale,ratio_credit_revenus,mensualite_estimee,taux_effort,score_risque,taux_defaut,situation_professionnelle_CDI,situation_professionnelle_Fonctionnaire,situation_professionnelle_Indépendant,situation_professionnelle_Retraité,situation_professionnelle_Sans emploi,type_credit_Consommation,type_credit_Immobilier,type_credit_Personnel,type_credit_Professionnel,region_Bretagne,region_Grand Est,region_Hauts-de-France,region_Normandie,region_Nouvelle-Aquitaine,region_Occitanie,region_PACA,region_Pays de la Loire,region_Île-de-France
CLI00011,2003-10-25,2003,32.0,M,1,Célibataire,0,31-40,Sans emploi,Grand Est,64514.0,Élevé (60-90k),27.9,664.0,2,Personnel,20524.0,12,8.31,Oui,1,3,20.2,0.3181,1788.29,33.26,0.3538,0.5,0,0,0,0,1,0,0,1,0,0,1,0,0,0,0,0,0,0
CLI00067,1998-10-26,1998,65.0,M,1,Marié(e),1,51-65,CDI,Bretagne,71682.0,Élevé (60-90k),26.9,383.0,0,Auto,19382.0,60,10.47,Oui,1,3,25.2,0.2704,416.31,6.97,0.4501,0.5,1,0,0,0,0,0,0,0,0,1,0,0,0,0,0,0,0,0
CLI00082,2019-05-29,2019,47.0,M,1,Veuf/Veuve,3,41-50,Sans emploi,Pays de la Loire,71413.0,Élevé (60-90k),46.5,608.0,2,Consommation,136886.0,24,9.46,Non,0,2,4.6,1.9168,6282.53,105.57,0.4074,0.5,0,0,0,0,1,1,0,0,0,0,0,0,0,0,0,0,1,0
CLI00143,2005-01-05,2005,51.0,M,1,Célibataire,0,51-65,CDD,Île-de-France,73645.0,Élevé (60-90k),32.0,669.0,1,Personnel,57853.0,24,4.17,Oui,1,4,19.0,0.7856,2516.64,41.01,0.3495,0.5,0,0,0,0,0,0,0,1,0,0,0,0,0,0,0,0,0,1
CLI00050,2015-11-28,2015,49.0,M,1,Marié(e),1,41-50,CDI,Auvergne-Rhône-Alpes,55131.0,Moyen (30-60k),54.5,815.0,0,Immobilier,7336.0,12,3.12,Oui,1,7,8.1,0.1331,621.71,13.53,0.3585,24.03,1,0,0,0,0,0,1,0,0,0,0,0,0,0,0,0,0,0
CLI00184,2020-08-08,2020,45.0,F,0,Célibataire,0,41-50,Indépendant,Normandie,24229.0,Faible (<30k),58.7,458.0,1,Auto,81218.0,12,7.24,Oui,1,5,3.4,3.3521,7036.52,348.5,0.5791,26.81,0,0,1,0,0,0,0,0,0,0,0,0,1,0,0,0,0,0
CLI00052,2021-02-07,2021,65.0,F,0,Marié(e),1,51-65,CDD,Pays de la Loire,91963.0,Très élevé (>90k),12.3,696.0,4,Consommation,72779.0,84,10.72,Oui,1,4,2.9,0.7914,1235.46,16.12,0.403,7.74,0,0,0,0,0,1,0,0,0,0,0,0,0,0,0,0,1,0
CLI00108,2006-10-24,2006,30.0,M,1,Célibataire,0,18-30,Fonctionnaire,Normandie,89774.0,Élevé (60-90k),42.1,794.0,4,Auto,129085.0,120,11.98,Oui,1,6,17.2,1.4379,1850.5,24.74,0.4723,12.33,0,1,0,0,0,0,0,0,0,0,0,0,1,0,0,0,0,0
CLI00114,2014-04-23,2014,45.0,F,0,Marié(e),1,41-50,Indépendant,PACA,59240.0,Moyen (30-60k),7.6,724.0,3,Auto,147766.0,24,7.03,Oui,1,1,9.7,2.4944,6617.87,134.06,0.2478,0.5,0,0,1,0,0,0,0,0,0,0,0,0,0,0,0,1,0,0
CLI00003,2016-02-09,2016,36.0,F,0,Célibataire,0,31-40,CDI,Hauts-de-France,104704.0,Très élevé (>90k),56.9,824.0,1,Immobilier,48925.0,48,1.85,Oui,1,1,7.9,0.4673,1058.23,12.13,0.2274,0.5,1,0,0,0,0,0,1,0,0,0,0,1,0,0,0,0,0,0
CLI00103,2008-04-24,2008,63.0,M,1,Marié(e),1,51-65,Fonctionnaire,Pays de la Loire,63002.0,Élevé (60-90k),30.1,371.0,2,Consommation,149790.0,84,4.03,Oui,1,4,15.7,2.3775,2049.52,39.04,0.5744,7.83,0,1,0,0,0,1,0,0,0,0,0,0,0,0,0,0,1,0
CLI00242,2016-07-04,2016,61.0,M,1,Célibataire,0,51-65,CDI,Grand Est,102471.0,Très élevé (>90k),14.7,812.0,4,Immobilier,86994.0,24,3.7,Oui,1,4,7.5,0.849,3766.1,44.1,0.3352,2.02,1,0,0,0,0,0,1,0,0,0,1,0,0,0,0,0,0,0
CLI00051,2005-07-07,2005,28.0,M,1,Célibataire,0,18-30,CDI,Hauts-de-France,60944.0,Élevé (60-90k),45.0,398.0,2,Personnel,108677.0,84,8.75,Non,0,6,18.5,1.7832,1734.76,34.16,0.6516,21.5,1,0,0,0,0,0,0,1,0,0,0,1,0,0,0,0,0,0
CLI00016,2000-10-25,2000,24.0,F,0,Célibataire,0,18-30,Sans emploi,Grand Est,78100.0,Élevé (60-90k),21.8,532.0,0,Auto,48303.0,36,8.66,Oui,1,5,23.2,0.6185,1528.39,23.48,0.3997,2.51,0,0,0,0,1,0,0,0,0,0,1,0,0,0,0,0,0,0
CLI00033,2012-07-05,2012,37.0,F,0,Marié(e),1,31-40,CDI,Normandie,71932.0,Élevé (60-90k),54.1,419.0,0,Immobilier,29519.0,84,3.69,Non,0,7,11.5,0.4104,399.29,6.66,0.6095,27.07,1,0,0,0,0,0,1,0,0,0,0,0,1,0,0,0,0,0
CLI00153,2004-03-19,2004,28.0,M,1,Marié(e),1,18-30,Retraité,Pays de la Loire,105731.0,Très élevé (>90k),49.8,383.0,5,Immobilier,64676.0,36,3.92,Non,0,7,19.8,0.6117,1907.19,21.65,0.8217,29.88,0,0,0,1,0,0,1,0,0,0,0,0,0,0,0,0,1,0
CLI00008,2010-09-17,2010,40.0,F,0,Marié(e),1,31-40,CDI,Normandie,64514.0,Élevé (60-90k),12.1,659.0,1,Auto,126101.0,120,8.09,Oui,1,7,13.3,1.9546,1535.96,28.57,0.3918,33.7,1,0,0,0,0,0,0,0,0,0,0,0,1,0,0,0,0,0
CLI00125,1997-04-27,1997,35.0,M,1,Marié(e),1,31-40,Fonctionnaire,Nouvelle-Aquitaine,105505.0,Très élevé (>90k),53.6,582.0,5,Auto,13666.0,24,7.56,Oui,1,3,26.7,0.1295,615.34,7.0,0.5903,0.5,0,1,0,0,0,0,0,0,0,0,0,0,0,1,0,0,0,0
CLI00148,2017-03-16,2017,64.0,F,0,Marié(e),1,51-65,CDI,Normandie,82291.0,Élevé (60-90k),11.3,410.0,1,Personnel,138554.0,60,4.72,Non,0,5,6.8,1.6837,2596.95,37.87,0.4911,16.15,1,0,0,0,0,0,0,1,0,0,0,0,1,0,0,0,0,0
CLI00037,2021-05-27,2021,58.0,F,0,Célibataire,0,51-65,CDI,Bretagne,88080.0,Élevé (60-90k),18.4,584.0,2,Immobilier,10408.0,36,4.3,Oui,1,2,2.6,0.1182,308.68,4.21,0.3524,0.5,1,0,0,0,0,0,1,0,0,1,0,0,0,0,0,0,0,0
CLI00083,2019-08-09,2019,46.0,M,1,Célibataire,0,41-50,CDI,Nouvelle-Aquitaine,74800.0,Élevé (60-90k),42.1,819.0,4,Auto,120033.0,36,8.23,Oui,1,1,4.4,1.6047,3774.15,60.55,0.3135,0.5,1,0,0,0,0,0,0,0,0,0,0,0,0,1,0,0,0,0
CLI00243,2011-09-17,2011,22.0,M,1,Divorcé(e),2,18-30,Indépendant,Normandie,31234.0,Moyen (30-60k),38.5,612.0,0,Consommation,61133.0,12,8.1,Oui,1,5,12.3,1.9573,5320.69,204.42,0.3906,14.19,0,0,1,0,0,1,0,0,0,0,0,0,1,0,0,0,0,0
CLI00299,2001-06-01,2001,54.0,F,0,Célibataire,0,51-65,CDI,Normandie,64514.0,Élevé (60-90k),49.8,492.0,3,Consommation,130995.0,48,10.29,Non,0,5,22.6,2.0305,3340.65,62.14,0.6152,5.93,1,0,0,0,0,1,0,0,0,0,0,0,1,0,0,0,0,0
CLI00135,1997-12-02,1997,36.0,F,0,Célibataire,0,31-40,CDI,Île-de-France,99818.0,Très élevé (>90k),9.6,582.0,0,Immobilier,99270.0,120,2.18,Oui,1,1,26.1,0.9945,921.44,11.08,0.2231,0.5,1,0,0,0,0,0,1,0,0,0,0,0,0,0,0,0,0,1
CLI00199,2000-07-08,2000,44.0,M,1,Marié(e),1,41-50,CDI,Île-de-France,95735.0,Très élevé (>90k),38.0,670.0,4,Auto,59771.0,84,8.21,Oui,1,2,23.5,0.6243,937.87,11.76,0.4267,0.5,1,0,0,0,0,0,0,0,0,0,0,0,0,0,0,0,0,1
CLI00104,2004-02-12,2004,60.0,F,0,Divorcé(e),2,51-65,Indépendant,Occitanie,24254.0,Faible (<30k),52.4,573.0,2,Personnel,39560.0,84,6.38,Non,0,5,19.9,1.6311,585.15,28.95,0.5301,14.61,0,0,1,0,0,0,0,1,0,0,0,0,0,0,1,0,0,0
CLI00057,2011-10-23,2011,57.0,F,0,Marié(e),1,51-65,Fonctionnaire,Grand Est,71871.0,Élevé (60-90k),51.6,374.0,0,Immobilier,51197.0,36,2.95,Oui,1,2,12.2,0.7123,1487.74,24.84,0.4891,0.5,0,1,0,0,0,0,1,0,0,0,1,0,0,0,0,0,0,0
CLI00091,2018-02-08,2018,45.0,F,0,Célibataire,0,41-50,CDI,Occitanie,73479.0,Élevé (60-90k),48.5,582.0,0,Auto,96751.0,48,6.32,Oui,1,2,5.9,1.3167,2286.42,37.34,0.3489,0.5,1,0,0,0,0,0,0,0,0,0,0,0,0,0,1,0,0,0
CLI00274,2016-09-15,2016,59.0,M,1,Célibataire,0,51-65,CDD,Pays de la Loire,20219.0,Faible (<30k),34.2,516.0,4,Immobilier,64129.0,120,3.59,Oui,1,7,7.3,3.1717,636.85,37.8,0.658,35.0,0,0,0,0,0,0,1,0,0,0,0,0,0,0,0,0,1,0
CLI00213,2010-11-29,2010,38.0,M,1,Marié(e),1,31-40,CDI,Occitanie,35260.0,Moyen (30-60k),43.2,674.0,4,Immobilier,92955.0,24,2.13,Non,0,2,13.1,2.6363,3959.64,134.76,0.4371,0.5,1,0,0,0,0,0,1,0,0,0,0,0,0,0,1,0,0,0
CLI00093,2010-11-29,2010,65.0,F,0,Marié(e),1,51-65,Retraité,Nouvelle-Aquitaine,105369.0,Très élevé (>90k),29.3,754.0,4,Consommation,42219.0,48,6.87,Non,0,6,13.1,0.4007,1008.44,11.48,0.4658,15.02,0,0,0,1,0,1,0,0,0,0,0,0,0,1,0,0,0,0
CLI00134,1995-08-15,1995,36.0,M,1,Marié(e),1,31-40,CDI,Occitanie,109865.0,Très élevé (>90k),53.5,405.0,1,Immobilier,126008.0,84,2.17,Non,0,1,28.4,1.1469,1618.26,17.68,0.4855,0.5,1,0,0,0,0,0,1,0,0,0,0,0,0,0,1,0,0,0
CLI00275,2015-09-16,2015,61.0,M,1,Divorcé(e),2,51-65,CDD,PACA,57809.0,Moyen (30-60k),13.3,605.0,4,Immobilier,119130.0,84,4.2,Oui,1,3,8.3,2.0608,1639.36,34.03,0.4349,3.12,0,0,0,0,0,0,1,0,0,0,0,0,0,0,0,1,0,0
CLI00064,2013-10-23,2013,50.0,M,1,Célibataire,0,41-50,CDI,Occitanie,95709.0,Très élevé (>90k),5.0,739.0,3,Auto,25103.0,84,8.13,Oui,1,4,10.2,0.2623,392.89,4.93,0.3174,0.5,1,0,0,0,0,0,0,0,0,0,0,0,0,0,1,0,0,0
CLI00149,2012-05-29,2012,50.0,F,0,Marié(e),1,41-50,CDI,PACA,97104.0,Très élevé (>90k),64.3,550.0,3,Personnel,29442.0,24,4.79,Non,0,5,11.6,0.3032,1288.89,15.93,0.6145,7.3,1,0,0,0,0,0,0,1,0,0,0,0,0,0,0,1,0,0
CLI00172,2006-05-31,2006,34.0,M,1,Divorcé(e),2,31-40,CDI,Hauts-de-France,85067.0,Élevé (60-90k),35.9,587.0,1,Auto,83623.0,12,8.44,Oui,1,6,17.6,0.983,7291.26,102.85,0.4685,13.47,1,0,0,0,0,0,0,0,0,0,0,1,0,0,0,0,0,0
CLI00223,2016-07-04,2016,45.0,M,1,Célibataire,0,41-50,Indépendant,Occitanie,95149.0,Très élevé (>90k),34.2,444.0,5,Auto,125674.0,48,6.79,Non,0,2,7.5,1.3208,2997.19,37.8,0.601,0.82,0,0,1,0,0,0,0,0,0,0,0,0,0,0,1,0,0,0
CLI00156,2013-07-05,2013,23.0,M,1,Divorcé(e),2,18-30,CDI,Grand Est,18055.0,Faible (<30k),11.3,613.0,4,Auto,98607.0,60,10.54,Non,0,3,10.5,5.4615,2121.4,141.0,0.4248,13.05,1,0,0,0,0,0,0,0,0,0,1,0,0,0,0,0,0,0
CLI00044,1998-07-09,1998,46.0,F,0,Célibataire,0,41-50,Sans emploi,Grand Est,76017.0,Élevé (60-90k),41.4,378.0,5,Immobilier,15789.0,60,3.53,Non,0,3,25.5,0.2077,287.44,4.54,0.6896,0.5,0,0,0,0,1,0,1,0,0,0,1,0,0,0,0,0,0,0
CLI00138,2003-07-08,2003,34.0,F,0,Célibataire,0,31-40,CDI,Auvergne-Rhône-Alpes,28488.0,Faible (<30k),20.2,308.0,1,Immobilier,146467.0,36,1.79,Non,0,7,20.5,5.1414,4181.78,176.15,0.6354,35.0,1,0,0,0,0,0,1,0,0,0,0,0,0,0,0,0,0,0
CLI00238,2000-12-01,2000,54.0,F,0,Divorcé(e),2,51-65,Fonctionnaire,Nouvelle-Aquitaine,97579.0,Très élevé (>90k),10.6,660.0,2,Immobilier,121739.0,48,1.89,Non,0,2,23.1,1.2476,2635.3,32.41,0.2846,0.5,0,1,0,0,0,0,1,0,0,0,0,0,0,1,0,0,0,0
CLI00285,2021-04-21,2021,56.0,M,1,Marié(e),1,51-65,Sans emploi,Hauts-de-France,64514.0,Élevé (60-90k),35.6,450.0,3,Immobilier,136132.0,60,3.4,Oui,1,7,2.7,2.1101,2470.39,45.95,0.6635,35.0,0,0,0,0,1,0,1,0,0,0,0,1,0,0,0,0,0,0
CLI00107,2022-02-07,2022,28.0,M,1,Célibataire,0,18-30,CDI,Normandie,98719.0,Très élevé (>90k),16.4,665.0,2,Immobilier,137717.0,36,4.11,Oui,1,5,1.9,1.395,4072.7,49.51,0.3816,14.09,1,0,0,0,0,0,1,0,0,0,0,0,1,0,0,0,0,0
CLI00027,1994-08-15,1994,43.0,M,1,Célibataire,0,41-50,Fonctionnaire,Nouvelle-Aquitaine,71330.0,Élevé (60-90k),42.7,491.0,5,Personnel,16302.0,84,11.96,Oui,1,5,29.4,0.2285,287.43,4.84,0.6781,10.87,0,1,0,0,0,0,0,1,0,0,0,0,0,1,0,0,0,0
CLI00276,2012-11-28,2012,41.0,M,1,Marié(e),1,41-50,CDI,Occitanie,64514.0,Élevé (60-90k),44.8,484.0,4,Immobilier,148184.0,24,3.88,Oui,1,6,11.1,2.2969,6426.97,119.55,0.6763,32.01,1,0,0,0,0,0,1,0,0,0,0,0,0,0,1,0,0,0
CLI00097,2010-07-06,2010,38.0,F,0,Célibataire,0,31-40,CDD,Grand Est,91477.0,Très élevé (>90k),33.9,800.0,3,Auto,5126.0,12,11.45,Oui,1,5,13.5,0.056,454.12,5.96,0.3794,2.53,0,0,0,0,0,0,0,0,0,0,1,0,0,0,0,0,0,0
CLI00224,1996-09-20,1996,27.0,F,0,Marié(e),1,18-30,CDI,Hauts-de-France,74138.0,Élevé (60-90k),48.7,327.0,2,Consommation,125307.0,84,3.93,Oui,1,4,27.3,1.6902,1708.76,27.66,0.6489,0.51,1,0,0,0,0,1,0,0,0,0,0,1,0,0,0,0,0,0
CLI00058,2022-01-01,2022,61.0,M,1,Marié(e),1,51-65,CDD,Normandie,37198.0,Moyen (30-60k),12.3,429.0,4,Immobilier,130733.0,60,3.04,Non,0,7,2.0,3.5145,2351.43,75.86,0.6587,35.0,0,0,0,0,0,0,1,0,0,0,0,0,1,0,0,0,0,0
CLI00004,2006-02-11,2006,64.0,F,0,Divorcé(e),2,51-65,CDI,Île-de-France,64540.0,Élevé (60-90k),41.5,582.0,5,Consommation,142023.0,36,9.55,Non,0,2,17.9,2.2005,4552.74,84.65,0.5314,2.69,1,0,0,0,0,1,0,0,0,0,0,0,0,0,0,0,0,1
CLI00280,2015-03-17,2015,46.0,M,1,Célibataire,0,41-50,Indépendant,Grand Est,81076.0,Élevé (60-90k),15.0,794.0,5,Professionnel,137596.0,84,5.02,Non,0,3,8.8,1.6971,1946.06,28.8,0.3589,0.5,0,0,1,0,0,0,0,0,1,0,1,0,0,0,0,0,0,0
CLI00045,2019-07-04,2019,35.0,F,0,Célibataire,0,31-40,Retraité,PACA,79877.0,Élevé (60-90k),13.4,758.0,2,Consommation,102720.0,24,9.71,Non,0,2,4.5,1.286,4726.27,71.0,0.2292,0.5,0,0,0,1,0,1,0,0,0,0,0,0,0,0,0,1,0,0
CLI00260,2014-10-23,2014,53.0,M,1,Divorcé(e),2,51-65,CDI,Grand Est,85584.0,Élevé (60-90k),55.4,418.0,5,Personnel,106332.0,60,6.75,Oui,1,6,9.2,1.2424,2092.98,29.35,0.7848,25.24,1,0,0,0,0,0,0,1,0,0,1,0,0,0,0,0,0,0
CLI00171,2016-02-09,2016,48.0,M,1,Marié(e),1,41-50,Indépendant,Auvergne-Rhône-Alpes,56638.0,Moyen (30-60k),10.0,608.0,4,Immobilier,53770.0,24,2.19,Oui,1,5,7.9,0.9494,2291.88,48.56,0.4819,13.62,0,0,1,0,0,0,1,0,0,0,0,0,0,0,0,0,0,0
CLI00157,2015-10-23,2015,63.0,F,0,Marié(e),1,51-65,CDD,Hauts-de-France,64514.0,Élevé (60-90k),34.2,321.0,1,Personnel,69077.0,12,4.18,Non,0,6,8.2,1.0707,5887.58,109.51,0.6336,35.0,0,0,0,0,0,0,0,1,0,0,0,1,0,0,0,0,0,0
CLI00261,1994-02-14,1994,30.0,F,0,Célibataire,0,18-30,CDI,Hauts-de-France,96477.0,Très élevé (>90k),55.0,334.0,1,Immobilier,94563.0,36,3.23,Oui,1,3,29.9,0.9802,2759.6,34.32,0.5916,0.5,1,0,0,0,0,0,1,0,0,0,0,1,0,0,0,0,0,0
CLI00151,2005-04-25,2005,34.0,F,0,Marié(e),1,31-40,CDI,Hauts-de-France,97714.0,Très élevé (>90k),7.9,306.0,3,Consommation,7079.0,24,8.56,Oui,1,4,18.7,0.0724,321.98,3.95,0.6002,3.91,1,0,0,0,0,1,0,0,0,0,0,1,0,0,0,0,0,0
CLI00197,2017-03-16,2017,23.0,F,0,Veuf/Veuve,3,18-30,Fonctionnaire,Auvergne-Rhône-Alpes,30910.0,Moyen (30-60k),10.7,717.0,0,Consommation,17175.0,60,6.5,Oui,1,3,6.8,0.5556,336.05,13.05,0.1971,1.74,0,1,0,0,0,1,0,0,0,0,0,0,0,0,0,0,0,0
CLI00271,2018-07-04,2018,32.0,F,0,Marié(e),1,31-40,CDI,Pays de la Loire,100180.0,Très élevé (>90k),28.1,515.0,3,Immobilier,121021.0,120,3.64,Oui,1,5,5.5,1.208,1204.68,14.43,0.5463,13.33,1,0,0,0,0,0,1,0,0,0,0,0,0,0,0,0,1,0
CLI00087,2011-09-17,2011,22.0,M,1,Veuf/Veuve,3,18-30,Sans emploi,PACA,88390.0,Élevé (60-90k),18.2,648.0,3,Auto,78319.0,84,6.18,Oui,1,6,12.3,0.8861,1150.9,15.62,0.4655,19.64,0,0,0,0,1,0,0,0,0,0,0,0,0,0,0,1,0,0
CLI00005,1994-08-15,1994,29.0,M,1,Marié(e),1,18-30,CDI,Auvergne-Rhône-Alpes,38384.0,Moyen (30-60k),35.4,412.0,1,Immobilier,92388.0,60,4.32,Oui,1,1,29.4,2.4069,1714.84,53.61,0.4358,0.5,1,0,0,0,0,0,1,0,0,0,0,0,0,0,0,0,0,0
CLI00062,2010-08-11,2010,63.0,F,0,Marié(e),1,51-65,CDI,Occitanie,19252.0,Faible (<30k),21.7,838.0,4,Auto,45631.0,24,4.4,Non,0,3,13.4,2.3702,1989.66,124.02,0.3076,6.27,1,0,0,0,0,0,0,0,0,0,0,0,0,0,1,0,0,0
CLI00041,2016-01-03,2016,60.0,M,1,Divorcé(e),2,51-65,Indépendant,Nouvelle-Aquitaine,54187.0,Moyen (30-60k),39.5,306.0,5,Immobilier,136994.0,60,2.71,Oui,1,5,8.0,2.5282,2443.99,54.12,0.7878,24.66,0,0,1,0,0,0,1,0,0,0,0,0,0,1,0,0,0,0
CLI00206,2007-05-31,2007,65.0,F,0,Divorcé(e),2,51-65,CDI,Bretagne,80981.0,Élevé (60-90k),5.8,819.0,4,Professionnel,9425.0,120,8.1,Oui,1,5,16.6,0.1164,114.85,1.7,0.3371,6.9,1,0,0,0,0,0,0,0,1,1,0,0,0,0,0,0,0,0
CLI00187,1998-07-09,1998,53.0,M,1,Marié(e),1,51-65,CDI,Occitanie,22632.0,Faible (<30k),33.5,815.0,1,Immobilier,77258.0,12,4.47,Oui,1,7,25.5,3.4137,6595.11,349.69,0.346,27.76,1,0,0,0,0,0,1,0,0,0,0,0,0,0,1,0,0,0
CLI00007,1996-10-26,1996,60.0,M,1,Marié(e),1,51-65,CDD,PACA,93880.0,Très élevé (>90k),8.8,316.0,0,Immobilier,63596.0,84,1.73,Non,0,1,27.2,0.6774,804.41,10.28,0.3904,0.5,0,0,0,0,0,0,1,0,0,0,0,0,0,0,0,1,0,0
CLI00077,2010-01-04,2010,61.0,F,0,Célibataire,0,51-65,CDI,Occitanie,41386.0,Moyen (30-60k),15.2,582.0,5,Auto,131205.0,24,9.71,Oui,1,4,14.0,3.1703,6036.9,175.04,0.5228,6.83,1,0,0,0,0,0,0,0,0,0,0,0,0,0,1,0,0,0
CLI00127,2023-01-01,2023,22.0,F,0,Veuf/Veuve,3,18-30,Indépendant,Auvergne-Rhône-Alpes,41061.0,Moyen (30-60k),56.6,415.0,4,Auto,41368.0,12,8.44,Oui,1,6,1.0,1.0075,3606.96,105.41,0.7497,35.0,0,0,1,0,0,0,0,0,0,0,0,0,0,0,0,0,0,0
CLI00218,2008-05-30,2008,27.0,M,1,Marié(e),1,18-30,Indépendant,Pays de la Loire,64514.0,Élevé (60-90k),15.8,313.0,4,Consommation,19596.0,120,4.18,Non,0,4,15.6,0.3037,200.08,3.72,0.6555,6.82,0,0,1,0,0,1,0,0,0,0,0,0,0,0,0,0,1,0
CLI00267,2021-10-20,2021,41.0,M,1,Divorcé(e),2,41-50,CDI,Normandie,65362.0,Élevé (60-90k),55.5,311.0,1,Professionnel,58276.0,12,7.66,Non,0,5,2.2,0.8916,5060.18,92.9,0.6646,19.62,1,0,0,0,0,0,0,0,1,0,0,0,1,0,0,0,0,0
CLI00234,2016-01-03,2016,41.0,F,0,Divorcé(e),2,41-50,CDI,Grand Est,64514.0,Élevé (60-90k),49.6,582.0,3,Immobilier,28752.0,36,3.38,Oui,1,7,8.0,0.4457,840.97,15.64,0.6145,35.0,1,0,0,0,0,0,1,0,0,0,1,0,0,0,0,0,0,0
CLI00269,2020-05-27,2020,54.0,F,0,Marié(e),1,51-65,CDI,Île-de-France,77383.0,Élevé (60-90k),35.1,575.0,3,Immobilier,94599.0,60,2.72,Non,0,5,3.6,1.2225,1688.08,26.18,0.5256,17.09,1,0,0,0,0,0,1,0,0,0,0,0,0,0,0,0,0,1
CLI00270,2013-08-10,2013,45.0,M,1,Célibataire,0,41-50,CDI,Île-de-France,83545.0,Élevé (60-90k),12.5,541.0,5,Immobilier,16046.0,60,1.93,Non,0,1,10.4,0.1921,280.76,4.03,0.4565,0.5,1,0,0,0,0,0,1,0,0,0,0,0,0,0,0,0,0,1
CLI00165,2007-04-25,2007,32.0,M,1,Marié(e),1,31-40,Retraité,Grand Est,23126.0,Faible (<30k),34.2,836.0,0,Immobilier,124614.0,12,2.08,Non,0,4,16.7,5.3885,10501.87,544.94,0.2087,2.81,0,0,0,1,0,0,1,0,0,0,1,0,0,0,0,0,0,0
CLI00073,2013-11-28,2013,36.0,F,0,Veuf/Veuve,3,31-40,CDI,Nouvelle-Aquitaine,73393.0,Élevé (60-90k),50.3,461.0,1,Immobilier,129714.0,24,2.7,Oui,1,4,10.1,1.7674,5558.07,90.88,0.5276,5.34,1,0,0,0,0,0,1,0,0,0,0,0,0,1,0,0,0,0
CLI00163,2011-03-18,2011,41.0,M,1,Célibataire,0,41-50,Indépendant,Normandie,22621.0,Faible (<30k),61.5,386.0,5,Immobilier,16485.0,12,2.68,Non,0,4,12.8,0.7287,1393.77,73.94,0.7633,18.99,0,0,1,0,0,0,1,0,0,0,0,0,1,0,0,0,0,0
CLI00208,1994-12-03,1994,53.0,F,0,Marié(e),1,51-65,CDI,Grand Est,72553.0,Élevé (60-90k),45.3,777.0,0,Consommation,7198.0,48,5.37,Oui,1,1,29.1,0.0992,166.97,2.76,0.1883,0.5,1,0,0,0,0,1,0,0,0,0,1,0,0,0,0,0,0,0
CLI00102,2004-09-18,2004,26.0,F,0,Célibataire,0,18-30,Indépendant,Île-de-France,64514.0,Élevé (60-90k),13.0,363.0,3,Immobilier,139869.0,24,1.57,Non,0,6,19.3,2.168,5923.66,110.18,0.6338,30.57,0,0,1,0,0,0,1,0,0,0,0,0,0,0,0,0,0,1
CLI00120,2013-04-23,2013,48.0,F,0,Veuf/Veuve,3,41-50,Fonctionnaire,Pays de la Loire,46732.0,Moyen (30-60k),14.0,762.0,5,Immobilier,45738.0,60,3.27,Oui,1,4,10.7,0.9787,827.35,21.24,0.4053,4.08,0,1,0,0,0,0,1,0,0,0,0,0,0,0,0,0,1,0
CLI00298,2012-05-29,2012,38.0,M,1,Marié(e),1,31-40,CDI,PACA,83441.0,Élevé (60-90k),46.7,474.0,4,Immobilier,96748.0,60,1.81,Non,0,5,11.6,1.1595,1687.75,24.27,0.6589,11.95,1,0,0,0,0,0,1,0,0,0,0,0,0,0,0,1,0,0
CLI00085,2002-06-01,2002,50.0,M,1,Divorcé(e),2,41-50,Fonctionnaire,Bretagne,60318.0,Élevé (60-90k),18.7,498.0,1,Immobilier,95474.0,12,2.17,Oui,1,2,21.6,1.5828,8049.99,160.15,0.3679,0.5,0,1,0,0,0,0,1,0,0,1,0,0,0,0,0,0,0,0
CLI00137,1999-12-02,1999,63.0,F,0,Divorcé(e),2,51-65,Retraité,Bretagne,41321.0,Moyen (30-60k),60.8,616.0,3,Personnel,24097.0,24,8.56,Non,0,6,24.1,0.5832,1096.01,31.83,0.5923,21.33,0,0,0,1,0,0,0,1,0,1,0,0,0,0,0,0,0,0
CLI00296,2009-04-24,2009,28.0,M,1,Célibataire,0,18-30,CDI,Auvergne-Rhône-Alpes,119834.0,Très élevé (>90k),34.2,794.0,0,Personnel,28051.0,48,6.98,Oui,1,2,14.7,0.2341,671.46,6.72,0.1783,0.5,1,0,0,0,0,0,0,1,0,0,0,0,0,0,0,0,0,0
CLI00047,2007-03-19,2007,47.0,F,0,Marié(e),1,41-50,CDD,Auvergne-Rhône-Alpes,67922.0,Élevé (60-90k),34.2,781.0,1,Immobilier,49028.0,36,3.97,Non,0,7,16.8,0.7218,1446.85,25.56,0.3694,21.59,0,0,0,0,0,0,1,0,0,0,0,0,0,0,0,0,0,0
CLI00115,1994-08-15,1994,58.0,M,1,Marié(e),1,51-65,Fonctionnaire,Occitanie,101807.0,Très élevé (>90k),27.3,691.0,4,Immobilier,61264.0,12,3.25,Oui,1,2,29.4,0.6018,5195.65,61.24,0.3866,0.5,0,1,0,0,0,0,1,0,0,0,0,0,0,0,1,0,0,0
CLI00116,2018-04-22,2018,56.0,F,0,Célibataire,0,51-65,CDI,Bretagne,119570.0,Très élevé (>90k),21.0,513.0,4,Professionnel,62545.0,60,9.11,Non,0,6,5.7,0.5231,1301.67,13.06,0.5984,23.76,1,0,0,0,0,0,0,0,1,1,0,0,0,0,0,0,0,0
CLI00207,2002-09-19,2002,47.0,M,1,Célibataire,0,41-50,Retraité,Auvergne-Rhône-Alpes,102659.0,Très élevé (>90k),64.5,399.0,4,Immobilier,21032.0,84,1.55,Oui,1,7,21.3,0.2049,264.37,3.09,0.8082,25.97,0,0,0,1,0,0,1,0,0,0,0,0,0,0,0,0,0,0
CLI00175,2016-07-04,2016,60.0,F,0,Marié(e),1,51-65,Fonctionnaire,Pays de la Loire,53854.0,Moyen (30-60k),18.7,651.0,2,Immobilier,80629.0,120,3.98,Oui,1,2,7.5,1.4972,815.56,18.17,0.3105,0.5,0,1,0,0,0,0,1,0,0,0,0,0,0,0,0,0,1,0
CLI00055,2017-10-21,2017,35.0,M,1,Célibataire,0,31-40,Sans emploi,Pays de la Loire,60808.0,Élevé (60-90k),34.2,570.0,5,Immobilier,37265.0,84,2.25,Oui,1,2,6.2,0.6128,479.9,9.47,0.5208,1.49,0,0,0,0,1,0,1,0,0,0,0,0,0,0,0,0,1,0
CLI00113,2020-09-14,2020,44.0,M,1,Célibataire,0,41-50,Sans emploi,Auvergne-Rhône-Alpes,64514.0,Élevé (60-90k),8.9,582.0,2,Immobilier,73244.0,120,2.68,Oui,1,7,3.3,1.1353,696.48,12.95,0.4728,35.0,0,0,0,0,1,0,1,0,0,0,0,0,0,0,0,0,0,0
CLI00154,2012-02-10,2012,43.0,M,1,Divorcé(e),2,41-50,CDI,Normandie,64514.0,Élevé (60-90k),44.5,507.0,0,Professionnel,95397.0,120,9.92,Oui,1,7,11.9,1.4787,1256.46,23.37,0.5295,35.0,1,0,0,0,0,0,0,0,1,0,0,0,1,0,0,0,0,0
CLI00248,1999-10-26,1999,52.0,F,0,Divorcé(e),2,51-65,Indépendant,Grand Est,64514.0,Élevé (60-90k),16.6,464.0,3,Personnel,6622.0,24,6.02,Oui,1,2,24.2,0.1026,293.55,5.46,0.4643,0.5,0,0,1,0,0,0,0,1,0,0,1,0,0,0,0,0,0,0
CLI00038,2017-04-22,2017,28.0,M,1,Divorcé(e),2,18-30,CDD,Auvergne-Rhône-Alpes,55744.0,Moyen (30-60k),62.4,526.0,3,Immobilier,64379.0,120,4.25,Oui,1,7,6.7,1.1549,659.48,14.2,0.6822,35.0,0,0,0,0,0,0,1,0,0,0,0,0,0,0,0,0,0,0
CLI00257,2021-04-21,2021,33.0,M,1,Marié(e),1,31-40,CDI,Occitanie,67376.0,Élevé (60-90k),37.3,319.0,1,Consommation,79182.0,24,9.32,Non,0,5,2.7,1.1752,3629.05,64.64,0.614,20.27,1,0,0,0,0,1,0,0,0,0,0,0,0,0,1,0,0,0
CLI00013,2016-09-15,2016,57.0,M,1,Marié(e),1,51-65,Retraité,Île-de-France,47189.0,Moyen (30-60k),19.3,766.0,5,Consommation,130501.0,120,4.22,Non,0,5,7.3,2.7655,1334.95,33.95,0.4446,17.18,0,0,0,1,0,1,0,0,0,0,0,0,0,0,0,0,0,1
CLI00066,1994-07-10,1994,47.0,F,0,Veuf/Veuve,3,41-50,Retraité,Auvergne-Rhône-Alpes,110234.0,Très élevé (>90k),41.2,602.0,0,Immobilier,131108.0,36,4.4,Oui,1,2,29.5,1.1894,3894.2,42.39,0.318,0.5,0,0,0,1,0,0,1,0,0,0,0,0,0,0,0,0,0,0
CLI00010,2004-07-07,2004,32.0,F,0,Célibataire,0,31-40,CDI,Auvergne-Rhône-Alpes,18404.0,Faible (<30k),25.5,747.0,3,Immobilier,91740.0,120,2.71,Oui,1,6,19.5,4.9848,873.62,56.96,0.4207,23.65,1,0,0,0,0,0,1,0,0,0,0,0,0,0,0,0,0,0
CLI00212,1998-10-26,1998,32.0,F,0,Marié(e),1,31-40,CDD,PACA,94090.0,Très élevé (>90k),37.6,301.0,2,Immobilier,28236.0,36,2.38,Oui,1,5,25.2,0.3001,813.44,10.37,0.6662,9.38,0,0,0,0,0,0,1,0,0,0,0,0,0,0,0,1,0,0
CLI00145,2004-04-25,2004,44.0,F,0,Célibataire,0,41-50,Indépendant,Grand Est,70796.0,Élevé (60-90k),58.4,617.0,0,Immobilier,67823.0,48,1.65,Oui,1,3,19.7,0.958,1461.09,24.77,0.38,0.5,0,0,1,0,0,0,1,0,0,0,1,0,0,0,0,0,0,0
CLI00025,2007-03-19,2007,54.0,M,1,Célibataire,0,51-65,CDD,Pays de la Loire,22809.0,Faible (<30k),28.8,541.0,1,Consommation,97263.0,12,8.02,Non,0,2,16.8,4.2642,8461.66,445.17,0.3658,0.5,0,0,0,0,0,1,0,0,0,0,0,0,0,0,0,0,1,0
CLI00272,2004-05-31,2004,29.0,F,0,Marié(e),1,18-30,CDD,PACA,105958.0,Très élevé (>90k),43.6,550.0,1,Immobilier,9853.0,12,2.38,Oui,1,2,19.6,0.093,831.71,9.42,0.3971,0.5,0,0,0,0,0,0,1,0,0,0,0,0,0,0,0,1,0,0
CLI00178,2016-07-04,2016,48.0,M,1,Célibataire,0,41-50,CDI,Hauts-de-France,56518.0,Moyen (30-60k),5.6,582.0,1,Consommation,110947.0,60,3.69,Oui,1,1,7.5,1.963,2027.77,43.05,0.2531,0.5,1,0,0,0,0,1,0,0,0,0,0,1,0,0,0,0,0,0
CLI00112,2020-10-20,2020,54.0,M,1,Marié(e),1,51-65,CDI,Normandie,42071.0,Moyen (30-60k),16.9,600.0,2,Auto,124719.0,84,4.48,Oui,1,4,3.2,2.9645,1732.45,49.42,0.3956,13.47,1,0,0,0,0,0,0,0,0,0,0,0,1,0,0,0,0,0
CLI00281,2011-05-30,2011,50.0,M,1,Célibataire,0,41-50,CDI,Grand Est,37216.0,Moyen (30-60k),15.9,726.0,0,Consommation,105424.0,48,10.28,Oui,1,5,12.6,2.8328,2688.02,86.67,0.2615,8.97,1,0,0,0,0,1,0,0,0,0,1,0,0,0,0,0,0,0
CLI00215,2011-10-23,2011,45.0,M,1,Marié(e),1,41-50,Indépendant,Île-de-France,46024.0,Moyen (30-60k),34.2,617.0,2,Consommation,99914.0,36,7.95,Oui,1,1,12.2,2.1709,3128.64,81.57,0.3423,0.5,0,0,1,0,0,1,0,0,0,0,0,0,0,0,0,0,0,1
CLI00111,2013-05-29,2013,55.0,F,0,Célibataire,0,51-65,Sans emploi,Auvergne-Rhône-Alpes,40415.0,Moyen (30-60k),42.8,310.0,3,Auto,105158.0,24,6.91,Non,0,1,10.6,2.602,4703.91,139.67,0.5992,3.39,0,0,0,0,1,0,0,0,0,0,0,0,0,0,0,0,0,0
CLI00227,2002-08-14,2002,24.0,M,1,Marié(e),1,18-30,Indépendant,Grand Est,103655.0,Très élevé (>90k),10.5,528.0,5,Personnel,95093.0,120,7.61,Non,0,7,21.4,0.9174,1134.24,13.13,0.6312,27.28,0,0,1,0,0,0,0,1,0,0,1,0,0,0,0,0,0,0
CLI00266,1995-03-22,1995,24.0,F,0,Marié(e),1,18-30,CDI,Auvergne-Rhône-Alpes,50254.0,Moyen (30-60k),34.2,505.0,2,Personnel,16555.0,48,6.99,Oui,1,1,28.8,0.3294,396.35,9.46,0.4136,0.5,1,0,0,0,0,0,0,1,0,0,0,0,0,0,0,0,0,0
CLI00196,2007-03-19,2007,23.0,M,1,Marié(e),1,18-30,CDI,Normandie,97905.0,Très élevé (>90k),40.9,634.0,4,Professionnel,89458.0,60,8.5,Oui,1,2,16.8,0.9137,1835.37,22.5,0.4568,0.5,1,0,0,0,0,0,0,0,1,0,0,0,1,0,0,0,0,0
CLI00209,2003-03-20,2003,27.0,F,0,Divorcé(e),2,18-30,Sans emploi,PACA,66447.0,Élevé (60-90k),24.0,597.0,5,Auto,149931.0,120,8.82,Oui,1,1,20.8,2.2564,1884.69,34.04,0.4496,0.5,0,0,0,0,1,0,0,0,0,0,0,0,0,0,0,1,0,0
CLI00049,2011-02-10,2011,41.0,F,0,Veuf/Veuve,3,41-50,CDI,PACA,50049.0,Moyen (30-60k),62.2,584.0,4,Immobilier,37154.0,36,4.0,Non,0,2,12.9,0.7424,1096.93,26.3,0.5419,0.5,1,0,0,0,0,0,1,0,0,0,0,0,0,0,0,1,0,0
CLI00017,2022-03-15,2022,43.0,M,1,Veuf/Veuve,3,41-50,CDI,Grand Est,116142.0,Très élevé (>90k),61.5,523.0,2,Immobilier,44711.0,48,2.56,Oui,1,6,1.8,0.385,980.98,10.14,0.6133,20.4,1,0,0,0,0,0,1,0,0,0,1,0,0,0,0,0,0,0
CLI00119,1999-09-20,1999,43.0,F,0,Divorcé(e),2,41-50,Fonctionnaire,Nouvelle-Aquitaine,93697.0,Très élevé (>90k),21.0,345.0,1,Immobilier,18224.0,12,1.62,Oui,1,7,24.3,0.1945,1532.03,19.62,0.6139,23.57,0,1,0,0,0,0,1,0,0,0,0,0,0,1,0,0,0,0
CLI00246,2007-11-30,2007,46.0,M,1,Célibataire,0,41-50,CDI,Bretagne,28954.0,Faible (<30k),57.9,406.0,3,Auto,126829.0,48,11.54,Oui,1,5,16.1,4.3804,3311.32,137.24,0.6902,22.01,1,0,0,0,0,0,0,0,0,1,0,0,0,0,0,0,0,0
CLI00142,1999-04-27,1999,25.0,M,1,Célibataire,0,18-30,CDI,Pays de la Loire,28478.0,Faible (<30k),28.2,715.0,3,Immobilier,24816.0,60,1.75,Non,0,1,24.7,0.8714,432.26,18.21,0.305,0.5,1,0,0,0,0,0,1,0,0,0,0,0,0,0,0,0,1,0
CLI00219,2016-08-09,2016,43.0,M,1,Célibataire,0,41-50,Indépendant,Grand Est,19605.0,Faible (<30k),8.2,803.0,0,Auto,137351.0,60,7.26,Oui,1,5,7.4,7.0059,2736.59,167.5,0.1933,14.64,0,0,1,0,0,0,0,0,0,0,1,0,0,0,0,0,0,0
CLI00015,2006-08-13,2006,45.0,M,1,Marié(e),1,41-50,Fonctionnaire,Normandie,36384.0,Moyen (30-60k),54.5,754.0,0,Immobilier,19060.0,12,2.27,Oui,1,7,17.4,0.5239,1607.93,53.03,0.3973,26.03,0,1,0,0,0,0,1,0,0,0,0,0,1,0,0,0,0,0
CLI00159,2003-02-12,2003,49.0,F,0,Marié(e),1,41-50,Indépendant,PACA,91686.0,Très élevé (>90k),28.3,814.0,4,Professionnel,142717.0,36,8.86,Oui,1,2,20.9,1.5566,4529.07,59.28,0.3108,0.5,0,0,1,0,0,0,0,0,1,0,0,0,0,0,0,1,0,0
CLI00034,2011-11-29,2011,36.0,M,1,Marié(e),1,31-40,CDI,Pays de la Loire,35100.0,Moyen (30-60k),24.4,509.0,4,Personnel,85910.0,120,9.3,Oui,1,2,12.1,2.4476,1102.27,37.68,0.4951,3.06,1,0,0,0,0,0,0,1,0,0,0,0,0,0,0,0,1,0
CLI00237,2001-08-14,2001,62.0,F,0,Marié(e),1,51-65,CDI,Bretagne,59427.0,Moyen (30-60k),14.1,569.0,0,Consommation,56693.0,24,8.24,Oui,1,5,22.4,0.954,2570.28,51.9,0.3569,6.41,1,0,0,0,0,1,0,0,0,1,0,0,0,0,0,0,0,0
CLI00031,2015-08-10,2015,63.0,M,1,Célibataire,0,51-65,CDI,Île-de-France,52816.0,Moyen (30-60k),13.5,582.0,0,Auto,101646.0,36,6.1,Oui,1,7,8.4,1.9245,3096.88,70.36,0.4043,35.0,1,0,0,0,0,0,0,0,0,0,0,0,0,0,0,0,0,1
CLI00181,2008-11-29,2008,54.0,M,1,Célibataire,0,51-65,CDD,Bretagne,64514.0,Élevé (60-90k),9.2,506.0,3,Consommation,114575.0,48,10.42,Non,0,3,15.1,1.776,2929.08,54.48,0.4476,10.92,0,0,0,0,0,1,0,0,0,1,0,0,0,0,0,0,0,0
CLI00122,2004-04-25,2004,22.0,M,1,Marié(e),1,18-30,Fonctionnaire,Hauts-de-France,41954.0,Moyen (30-60k),56.9,582.0,3,Immobilier,144649.0,36,4.42,Oui,1,1,19.7,3.4478,4297.69,122.93,0.4614,0.5,0,1,0,0,0,0,1,0,0,0,0,1,0,0,0,0,0,0
CLI00054,2005-01-05,2005,56.0,F,0,Célibataire,0,51-65,CDI,Normandie,55626.0,Moyen (30-60k),35.4,338.0,0,Consommation,64201.0,60,4.57,Oui,1,3,19.0,1.1542,1198.95,25.86,0.5,0.5,1,0,0,0,0,1,0,0,0,0,0,0,1,0,0,0,0,0
CLI00249,1994-09-21,1994,51.0,M,1,Marié(e),1,51-65,CDI,Île-de-France,106236.0,Très élevé (>90k),57.8,604.0,2,Personnel,53756.0,48,4.16,Oui,1,5,29.3,0.506,1217.61,13.75,0.5239,0.84,1,0,0,0,0,0,0,1,0,0,0,0,0,0,0,0,0,1
CLI00289,1996-06-02,1996,54.0,F,0,Divorcé(e),2,51-65,Fonctionnaire,Île-de-France,101524.0,Très élevé (>90k),47.2,674.0,3,Immobilier,18350.0,36,2.47,Oui,1,3,27.6,0.1807,529.36,6.26,0.4357,0.5,0,1,0,0,0,0,1,0,0,0,0,0,0,0,0,0,0,1
CLI00086,2022-04-21,2022,36.0,M,1,Divorcé(e),2,31-40,CDD,Normandie,88173.0,Élevé (60-90k),19.0,686.0,5,Personnel,138515.0,48,3.68,Oui,1,4,1.7,1.5709,3107.74,42.3,0.4661,10.76,0,0,0,0,0,0,0,1,0,0,0,0,1,0,0,0,0,0
CLI00081,2002-12-01,2002,45.0,F,0,Marié(e),1,41-50,Retraité,PACA,112456.0,Très élevé (>90k),15.7,729.0,0,Auto,60318.0,120,5.11,Non,0,5,21.1,0.5364,643.01,6.86,0.2591,0.5,0,0,0,1,0,0,0,0,0,0,0,0,0,0,0,1,0,0
CLI00002,2004-09-18,2004,50.0,M,1,Divorcé(e),2,41-50,CDI,Normandie,90474.0,Très élevé (>90k),52.3,523.0,2,Consommation,141487.0,120,4.5,Non,0,5,19.3,1.5638,1466.35,19.45,0.5617,8.61,1,0,0,0,0,1,0,0,0,0,0,0,1,0,0,0,0,0
CLI00118,2001-01-06,2001,61.0,F,0,Marié(e),1,51-65,Fonctionnaire,Occitanie,87724.0,Élevé (60-90k),35.0,700.0,2,Immobilier,102945.0,48,2.42,Non,0,7,23.0,1.1735,2252.32,30.81,0.463,20.47,0,1,0,0,0,0,1,0,0,0,0,0,0,0,1,0,0,0
CLI00287,2011-03-18,2011,62.0,M,1,Marié(e),1,51-65,CDI,Nouvelle-Aquitaine,111789.0,Très élevé (>90k),11.2,607.0,5,Immobilier,60337.0,36,1.55,Oui,1,2,12.8,0.5397,1716.38,18.42,0.4398,0.5,1,0,0,0,0,0,1,0,0,0,0,0,0,1,0,0,0,0
CLI00133,1995-09-21,1995,30.0,M,1,Marié(e),1,18-30,CDI,Grand Est,69745.0,Élevé (60-90k),61.6,442.0,1,Consommation,51240.0,120,9.74,Oui,1,5,28.3,0.7347,669.78,11.52,0.5965,5.24,1,0,0,0,0,1,0,0,0,0,1,0,0,0,0,0,0,0
CLI00173,1997-12-02,1997,45.0,M,1,Divorcé(e),2,41-50,Indépendant,Bretagne,106869.0,Très élevé (>90k),58.9,606.0,0,Consommation,108177.0,120,11.46,Non,0,2,26.1,1.0122,1518.44,17.05,0.3597,0.5,0,0,1,0,0,1,0,0,0,1,0,0,0,0,0,0,0,0
CLI00009,2013-03-17,2013,44.0,F,0,Célibataire,0,41-50,Retraité,Bretagne,18384.0,Faible (<30k),18.6,522.0,0,Immobilier,93861.0,12,3.15,Oui,1,4,10.8,5.1056,7955.85,519.31,0.3695,12.99,0,0,0,1,0,0,1,0,0,1,0,0,0,0,0,0,0,0
CLI00019,2009-08-11,2009,45.0,F,0,Marié(e),1,41-50,CDI,PACA,98642.0,Très élevé (>90k),14.7,634.0,4,Consommation,78340.0,120,4.31,Oui,1,1,14.4,0.7942,804.75,9.79,0.3628,0.5,1,0,0,0,0,1,0,0,0,0,0,0,0,0,0,1,0,0
CLI00297,1994-06-03,1994,24.0,M,1,Marié(e),1,18-30,CDI,Auvergne-Rhône-Alpes,88792.0,Élevé (60-90k),13.9,385.0,5,Immobilier,56474.0,36,3.45,Non,0,6,29.6,0.636,1653.56,22.35,0.7021,18.84,1,0,0,0,0,0,1,0,0,0,0,0,0,0,0,0,0,0
CLI00129,2008-09-17,2008,47.0,M,1,Marié(e),1,41-50,CDD,Hauts-de-France,57749.0,Moyen (30-60k),62.4,493.0,2,Immobilier,46914.0,48,3.15,Oui,1,2,15.3,0.8124,1041.52,21.64,0.5203,0.5,0,0,0,0,0,0,1,0,0,0,0,1,0,0,0,0,0,0
CLI00231,2016-03-16,2016,47.0,M,1,Marié(e),1,41-50,CDD,Île-de-France,118894.0,Très élevé (>90k),25.5,582.0,3,Consommation,40367.0,48,7.8,Non,0,3,7.8,0.3395,981.69,9.91,0.44,0.5,0,0,0,0,0,1,0,0,0,0,0,0,0,0,0,0,0,1
CLI00180,2007-09-18,2007,58.0,M,1,Marié(e),1,51-65,CDI,Auvergne-Rhône-Alpes,108825.0,Très élevé (>90k),20.6,392.0,3,Personnel,133177.0,24,4.23,Oui,1,2,16.3,1.2238,5796.84,63.92,0.5201,0.5,1,0,0,0,0,0,0,1,0,0,0,0,0,0,0,0,0,0
CLI00022,2001-06-01,2001,59.0,M,1,Veuf/Veuve,3,51-65,CDD,Occitanie,41524.0,Moyen (30-60k),39.0,577.0,1,Immobilier,72728.0,48,2.69,Oui,1,4,22.6,1.7515,1599.84,46.23,0.4255,2.27,0,0,0,0,0,0,1,0,0,0,0,0,0,0,1,0,0,0
CLI00006,2009-02-10,2009,42.0,F,0,Marié(e),1,41-50,Fonctionnaire,Nouvelle-Aquitaine,36017.0,Moyen (30-60k),14.6,532.0,1,Immobilier,13007.0,48,3.49,Oui,1,7,14.9,0.3611,290.73,9.69,0.4789,32.45,0,1,0,0,0,0,1,0,0,0,0,0,0,1,0,0,0,0
CLI00259,2017-02-08,2017,58.0,M,1,Célibataire,0,51-65,CDI,Île-de-France,54976.0,Moyen (30-60k),55.9,300.0,5,Consommation,40737.0,36,4.71,Oui,1,1,6.9,0.741,1215.63,26.53,0.7183,3.42,1,0,0,0,0,1,0,0,0,0,0,0,0,0,0,0,0,1
CLI00203,1994-02-14,1994,22.0,M,1,Célibataire,0,18-30,CDI,Bretagne,99449.0,Très élevé (>90k),60.7,536.0,1,Auto,71358.0,24,8.59,Non,0,3,29.9,0.7175,3246.56,39.17,0.4773,0.5,1,0,0,0,0,0,0,0,0,1,0,0,0,0,0,0,0,0
CLI00099,2020-09-14,2020,56.0,M,1,Marié(e),1,51-65,Retraité,Nouvelle-Aquitaine,23569.0,Faible (<30k),28.2,685.0,5,Immobilier,32632.0,60,3.31,Oui,1,3,3.3,1.3845,590.86,30.08,0.4612,11.88,0,0,0,1,0,0,1,0,0,0,0,0,0,1,0,0,0,0
CLI00090,2016-02-09,2016,30.0,M,1,Marié(e),1,18-30,Retraité,Normandie,57811.0,Moyen (30-60k),55.9,826.0,1,Consommation,22368.0,84,9.47,Oui,1,3,7.9,0.3869,365.24,7.58,0.2807,0.5,0,0,0,1,0,1,0,0,0,0,0,0,1,0,0,0,0,0
CLI00214,2016-11-27,2016,59.0,M,1,Marié(e),1,51-65,Indépendant,Bretagne,21812.0,Faible (<30k),18.3,592.0,1,Consommation,108145.0,36,9.99,Oui,1,3,7.1,4.9581,3489.03,191.95,0.3356,9.12,0,0,1,0,0,1,0,0,0,1,0,0,0,0,0,0,0,0
CLI00189,1995-04-28,1995,62.0,M,1,Célibataire,0,51-65,CDD,Grand Est,24168.0,Faible (<30k),34.2,582.0,1,Consommation,90595.0,24,11.17,Non,0,1,28.7,3.7486,4229.59,210.01,0.3246,0.5,0,0,0,0,0,1,0,0,0,0,1,0,0,0,0,0,0,0
CLI00072,2007-09-18,2007,52.0,F,0,Veuf/Veuve,3,51-65,CDD,Pays de la Loire,24949.0,Faible (<30k),34.1,826.0,5,Consommation,80683.0,60,6.12,Non,0,7,16.3,3.2339,1564.33,75.24,0.5005,34.06,0,0,0,0,0,1,0,0,0,0,0,0,0,0,0,0,1,0
CLI00232,2013-10-23,2013,24.0,F,0,Marié(e),1,18-30,CDI,Pays de la Loire,22324.0,Faible (<30k),29.8,582.0,4,Immobilier,104608.0,48,3.58,Oui,1,2,10.2,4.6859,2342.34,125.91,0.4622,7.48,1,0,0,0,0,0,1,0,0,0,0,0,0,0,0,0,1,0
CLI00068,1998-02-13,1998,55.0,F,0,Divorcé(e),2,51-65,CDD,Auvergne-Rhône-Alpes,77494.0,Élevé (60-90k),28.2,752.0,0,Consommation,89291.0,60,3.85,Non,0,5,25.9,1.1522,1638.39,25.37,0.2757,0.5,0,0,0,0,0,1,0,0,0,0,0,0,0,0,0,0,0,0
CLI00128,1996-01-08,1996,26.0,F,0,Marié(e),1,18-30,CDI,Occitanie,97252.0,Très élevé (>90k),28.5,402.0,3,Auto,142855.0,60,6.91,Oui,1,6,28.0,1.4689,2822.64,34.83,0.6478,16.11,1,0,0,0,0,0,0,0,0,0,0,0,0,0,1,0,0,0
CLI00144,1999-04-27,1999,58.0,F,0,Divorcé(e),2,51-65,Fonctionnaire,Auvergne-Rhône-Alpes,37262.0,Moyen (30-60k),18.6,582.0,4,Personnel,101731.0,24,8.31,Oui,1,4,24.7,2.7302,4615.41,148.64,0.4913,7.37,0,1,0,0,0,0,0,1,0,0,0,0,0,0,0,0,0,0
CLI00071,2014-08-10,2014,35.0,F,0,Célibataire,0,31-40,Retraité,Normandie,96587.0,Très élevé (>90k),17.7,556.0,3,Auto,25609.0,12,5.64,Oui,1,7,9.4,0.2651,2199.84,27.33,0.5513,27.67,0,0,0,1,0,0,0,0,0,0,0,0,1,0,0,0,0,0
CLI00278,2010-02-10,2010,46.0,F,0,Célibataire,0,41-50,Sans emploi,Nouvelle-Aquitaine,26512.0,Faible (<30k),15.7,522.0,1,Professionnel,43890.0,48,5.51,Oui,1,7,13.9,1.6555,1020.93,46.21,0.488,35.0,0,0,0,0,1,0,0,0,1,0,0,0,0,1,0,0,0,0
CLI00140,2019-09-15,2019,60.0,M,1,Célibataire,0,51-65,CDD,Auvergne-Rhône-Alpes,23240.0,Faible (<30k),54.5,658.0,5,Immobilier,75480.0,120,2.51,Oui,1,7,4.3,3.2478,711.89,36.76,0.6584,35.0,0,0,0,0,0,0,1,0,0,0,0,0,0,0,0,0,0,0
CLI00265,1996-07-09,1996,37.0,F,0,Célibataire,0,31-40,Fonctionnaire,Normandie,38618.0,Moyen (30-60k),45.7,460.0,0,Personnel,26172.0,48,8.96,Non,0,3,27.5,0.6777,650.79,20.22,0.4481,0.5,0,1,0,0,0,0,0,1,0,0,0,0,1,0,0,0,0,0
CLI00075,2015-07-05,2015,35.0,F,0,Veuf/Veuve,3,31-40,CDI,Normandie,24941.0,Faible (<30k),22.8,823.0,2,Consommation,76315.0,48,10.38,Non,0,7,8.5,3.0598,1949.5,93.8,0.3542,32.62,1,0,0,0,0,1,0,0,0,0,0,0,1,0,0,0,0,0
CLI00158,2008-11-29,2008,27.0,F,0,Marié(e),1,18-30,CDI,Hauts-de-France,46699.0,Moyen (30-60k),35.5,709.0,2,Personnel,43258.0,36,7.55,Non,0,5,15.1,0.9263,1346.59,34.6,0.4013,8.8,1,0,0,0,0,0,0,1,0,0,0,1,0,0,0,0,0,0
CLI00217,2019-03-16,2019,55.0,F,0,Marié(e),1,51-65,CDI,Hauts-de-France,45285.0,Moyen (30-60k),38.5,680.0,5,Auto,121243.0,12,9.17,Oui,1,3,4.8,2.6773,10612.44,281.22,0.4901,6.34,1,0,0,0,0,0,0,0,0,0,0,1,0,0,0,0,0,0
CLI00283,2015-07-05,2015,39.0,F,0,Divorcé(e),2,31-40,Fonctionnaire,PACA,97767.0,Très élevé (>90k),29.1,727.0,0,Auto,59912.0,120,8.15,Non,0,1,8.5,0.6128,731.66,8.98,0.1796,0.5,0,1,0,0,0,0,0,0,0,0,0,0,0,0,0,1,0,0
CLI00204,2021-11-26,2021,40.0,F,0,Célibataire,0,31-40,Fonctionnaire,Île-de-France,118776.0,Très élevé (>90k),45.6,829.0,0,Auto,52057.0,36,7.02,Oui,1,6,2.1,0.4383,1607.85,16.24,0.2988,13.73,0,1,0,0,0,0,0,0,0,0,0,0,0,0,0,0,0,1
CLI00040,2012-11-28,2012,30.0,M,1,Marié(e),1,18-30,CDI,Occitanie,110193.0,Très élevé (>90k),61.0,759.0,4,Personnel,145518.0,24,9.39,Oui,1,7,11.1,1.3206,6674.02,72.68,0.5704,28.27,1,0,0,0,0,0,0,1,0,0,0,0,0,0,1,0,0,0
CLI00288,2006-05-31,2006,57.0,F,0,Marié(e),1,51-65,Fonctionnaire,Île-de-France,60078.0,Élevé (60-90k),34.2,635.0,4,Immobilier,115616.0,24,3.69,Non,0,2,17.6,1.9244,5004.68,99.96,0.4395,0.5,0,1,0,0,0,0,1,0,0,0,0,0,0,0,0,0,0,1
CLI00264,2001-10-25,2001,40.0,F,0,Marié(e),1,31-40,CDI,Bretagne,19917.0,Faible (<30k),50.5,358.0,5,Professionnel,43709.0,24,9.2,Oui,1,3,22.2,2.1946,2000.85,120.55,0.7251,10.11,1,0,0,0,0,0,0,0,1,1,0,0,0,0,0,0,0,0
CLI00236,2006-08-13,2006,28.0,F,0,Marié(e),1,18-30,CDI,Île-de-France,34389.0,Moyen (30-60k),11.4,309.0,0,Consommation,135282.0,12,10.96,Non,0,3,17.4,3.9339,11953.92,417.13,0.4585,5.69,1,0,0,0,0,1,0,0,0,0,0,0,0,0,0,0,0,1
CLI00039,2003-09-19,2003,42.0,M,1,Célibataire,0,41-50,CDI,Pays de la Loire,63543.0,Élevé (60-90k),39.4,582.0,1,Personnel,30053.0,12,8.42,Non,0,6,20.3,0.473,2620.1,49.48,0.4805,11.75,1,0,0,0,0,0,0,1,0,0,0,0,0,0,0,0,1,0
CLI00117,2023-01-01,2023,65.0,F,0,Célibataire,0,51-65,CDI,Nouvelle-Aquitaine,51434.0,Moyen (30-60k),34.2,387.0,5,Consommation,44224.0,84,7.26,Oui,1,1,1.0,0.8598,673.09,15.7,0.6087,10.42,1,0,0,0,0,1,0,0,0,0,0,0,0,1,0,0,0,0
CLI00098,2016-05-28,2016,29.0,F,0,Marié(e),1,18-30,Indépendant,Île-de-France,32388.0,Moyen (30-60k),15.6,416.0,2,Immobilier,57329.0,48,3.49,Oui,1,2,7.6,1.7701,1281.39,47.48,0.4523,6.45,0,0,1,0,0,0,1,0,0,0,0,0,0,0,0,0,0,1
CLI00225,2006-01-05,2006,37.0,M,1,Marié(e),1,31-40,CDI,Nouvelle-Aquitaine,94125.0,Très élevé (>90k),11.5,365.0,3,Auto,24063.0,48,6.88,Non,0,2,18.0,0.2556,574.88,7.33,0.5145,0.5,1,0,0,0,0,0,0,0,0,0,0,0,0,1,0,0,0,0
CLI00176,2003-06-01,2003,27.0,M,1,Marié(e),1,18-30,CDD,Normandie,64514.0,Élevé (60-90k),63.6,611.0,4,Personnel,125993.0,12,10.38,Oui,1,1,20.6,1.953,11099.07,206.45,0.4997,0.5,0,0,0,0,0,0,0,1,0,0,0,0,1,0,0,0,0,0
CLI00023,1995-06-03,1995,23.0,F,0,Célibataire,0,18-30,CDI,Hauts-de-France,87172.0,Élevé (60-90k),28.5,495.0,5,Immobilier,16246.0,84,2.05,Oui,1,7,28.6,0.1864,207.78,2.86,0.6972,27.93,1,0,0,0,0,0,1,0,0,0,0,1,0,0,0,0,0,0
CLI00155,2003-06-01,2003,49.0,M,1,Divorcé(e),2,41-50,Retraité,Île-de-France,100558.0,Très élevé (>90k),53.1,689.0,3,Immobilier,76319.5,24,1.96,Non,0,6,20.6,0.759,3245.31,38.73,0.5266,12.61,0,0,0,1,0,0,1,0,0,0,0,0,0,0,0,0,0,1
CLI00160,2013-03-17,2013,49.0,F,0,Marié(e),1,41-50,Sans emploi,Pays de la Loire,85661.0,Élevé (60-90k),32.7,426.0,5,Immobilier,124771.0,12,3.54,Oui,1,1,10.8,1.4566,10598.03,148.46,0.5801,0.5,0,0,0,0,1,0,1,0,0,0,0,0,0,0,0,0,1,0
CLI00139,2006-08-13,2006,53.0,F,0,Marié(e),1,51-65,Sans emploi,Hauts-de-France,40574.0,Moyen (30-60k),51.9,582.0,0,Consommation,108892.0,48,8.4,Oui,1,1,17.4,2.6838,2678.86,79.23,0.3289,0.5,0,0,0,0,1,1,0,0,0,0,0,1,0,0,0,0,0,0
CLI00290,2021-02-07,2021,25.0,M,1,Divorcé(e),2,18-30,CDI,PACA,114573.0,Très élevé (>90k),8.2,307.0,2,Auto,29354.0,84,11.94,Non,0,5,2.9,0.2562,517.24,5.42,0.5889,16.84,1,0,0,0,0,0,0,0,0,0,0,0,0,0,0,1,0,0
CLI00026,2006-08-13,2006,33.0,F,0,Célibataire,0,31-40,Fonctionnaire,Nouvelle-Aquitaine,64514.0,Élevé (60-90k),37.4,623.0,1,Personnel,140090.0,12,10.93,Non,0,1,17.4,2.1715,12376.81,230.22,0.3065,0.5,0,1,0,0,0,0,0,1,0,0,0,0,0,1,0,0,0,0
CLI00014,2008-10-23,2008,61.0,M,1,Marié(e),1,51-65,Indépendant,Occitanie,30763.0,Moyen (30-60k),35.6,713.0,3,Consommation,25611.0,48,8.17,Oui,1,1,15.2,0.8325,627.29,24.47,0.3248,0.5,0,0,1,0,0,1,0,0,0,0,0,0,0,0,1,0,0,0
CLI00146,2017-05-28,2017,60.0,F,0,Veuf/Veuve,3,51-65,CDI,Pays de la Loire,22432.0,Faible (<30k),32.0,383.0,1,Personnel,6759.0,84,6.87,Oui,1,2,6.6,0.3013,101.58,5.43,0.4743,10.24,1,0,0,0,0,0,0,1,0,0,0,0,0,0,0,0,1,0
CLI00194,2020-10-20,2020,58.0,M,1,Célibataire,0,51-65,Fonctionnaire,Grand Est,24371.0,Faible (<30k),34.2,416.0,1,Immobilier,92127.0,12,2.9,Non,0,5,3.2,3.7802,7798.38,383.98,0.5445,26.54,0,1,0,0,0,0,1,0,0,0,1,0,0,0,0,0,0,0
CLI00200,2020-03-15,2020,58.0,M,1,Marié(e),1,51-65,CDI,Normandie,99264.0,Très élevé (>90k),28.3,582.0,2,Consommation,132157.0,12,10.52,Oui,1,6,3.8,1.3314,11650.69,140.84,0.4927,24.33,1,0,0,0,0,1,0,0,0,0,0,0,1,0,0,0,0,0
CLI00059,1997-04-27,1997,25.0,F,0,Marié(e),1,18-30,Retraité,Occitanie,37758.0,Moyen (30-60k),34.2,383.0,0,Immobilier,76907.0,36,2.43,Oui,1,1,26.7,2.0368,2217.28,70.47,0.4113,0.5,0,0,0,1,0,0,1,0,0,0,0,0,0,0,1,0,0,0
CLI00226,2013-03-17,2013,50.0,M,1,Célibataire,0,41-50,Fonctionnaire,Grand Est,31918.0,Moyen (30-60k),46.1,462.0,1,Personnel,72642.0,84,7.85,Non,0,1,10.8,2.2759,1126.79,42.36,0.4307,0.5,0,1,0,0,0,0,0,1,0,0,1,0,0,0,0,0,0,0
CLI00221,1998-01-07,1998,37.0,M,1,Marié(e),1,31-40,Fonctionnaire,Bretagne,90303.0,Très élevé (>90k),50.2,383.0,2,Immobilier,135273.0,24,4.04,Oui,1,3,26.0,1.498,5876.63,78.09,0.5884,0.5,0,1,0,0,0,0,1,0,0,1,0,0,0,0,0,0,0,0
CLI00065,2018-11-27,2018,39.0,M,1,Divorcé(e),2,31-40,Retraité,PACA,55441.0,Moyen (30-60k),6.1,320.0,4,Immobilier,69772.0,24,4.44,Non,0,5,5.1,1.2585,3043.53,65.88,0.6554,24.75,0,0,0,1,0,0,1,0,0,0,0,0,0,0,0,1,0,0
CLI00252,2022-03-15,2022,28.0,M,1,Divorcé(e),2,18-30,Fonctionnaire,Nouvelle-Aquitaine,48105.0,Moyen (30-60k),49.5,666.0,1,Immobilier,56226.0,120,3.39,Oui,1,3,1.8,1.1688,553.1,13.8,0.3666,5.92,0,1,0,0,0,0,1,0,0,0,0,0,0,1,0,0,0,0
CLI00205,2001-10-25,2001,23.0,F,0,Marié(e),1,18-30,Retraité,Pays de la Loire,78004.0,Élevé (60-90k),34.8,320.0,5,Immobilier,11150.0,60,3.17,Non,0,5,22.2,0.1429,201.19,3.1,0.7671,13.8,0,0,0,1,0,0,1,0,0,0,0,0,0,0,0,0,1,0
CLI00053,2023-04-21,2023,29.0,M,1,Marié(e),1,18-30,CDD,Normandie,42285.0,Moyen (30-60k),33.7,582.0,2,Professionnel,24029.0,84,5.17,Non,0,7,0.7,0.5683,341.55,9.69,0.5348,35.0,0,0,0,0,0,0,0,0,1,0,0,0,1,0,0,0,0,0
CLI00100,2018-02-08,2018,56.0,F,0,Marié(e),1,51-65,CDI,Occitanie,87836.0,Élevé (60-90k),62.8,643.0,5,Immobilier,114945.0,84,1.99,Non,0,3,5.9,1.3086,1467.05,20.04,0.5744,2.84,1,0,0,0,0,0,1,0,0,0,0,0,0,0,1,0,0,0
CLI00035,1998-08-14,1998,65.0,M,1,Marié(e),1,51-65,Sans emploi,Bretagne,75091.0,Élevé (60-90k),6.4,605.0,4,Personnel,125430.0,84,6.18,Non,0,5,25.4,1.6704,1843.19,29.46,0.4748,9.61,0,0,0,0,1,0,0,1,0,1,0,0,0,0,0,0,0,0
CLI00079,2017-10-21,2017,37.0,M,1,Marié(e),1,31-40,CDD,Occitanie,93745.0,Très élevé (>90k),52.0,838.0,1,Consommation,81325.0,84,8.95,Non,0,6,6.2,0.8675,1306.38,16.72,0.3491,10.9,0,0,0,0,0,1,0,0,0,0,0,0,0,0,1,0,0,0
CLI00293,2018-08-09,2018,42.0,M,1,Marié(e),1,41-50,CDI,Hauts-de-France,64514.0,Élevé (60-90k),41.1,651.0,3,Personnel,91123.0,12,10.56,Oui,1,7,5.4,1.4125,8034.91,149.45,0.5494,32.5,1,0,0,0,0,0,0,1,0,0,0,1,0,0,0,0,0,0
CLI00121,2009-10-23,2009,56.0,M,1,Célibataire,0,51-65,CDI,PACA,29314.0,Faible (<30k),12.6,609.0,4,Auto,68731.0,48,11.49,Oui,1,5,14.2,2.3446,1792.79,73.39,0.4877,20.25,1,0,0,0,0,0,0,0,0,0,0,0,0,0,0,1,0,0
CLI00185,2021-11-26,2021,36.0,F,0,Marié(e),1,31-40,CDI,Pays de la Loire,74793.0,Élevé (60-90k),24.3,323.0,2,Consommation,68230.0,120,8.97,Oui,1,6,2.1,0.9123,863.2,13.85,0.6475,29.74,1,0,0,0,0,1,0,0,0,0,0,0,0,0,0,0,1,0
CLI00294,2011-05-30,2011,41.0,F,0,Marié(e),1,41-50,Fonctionnaire,Pays de la Loire,85444.0,Élevé (60-90k),6.4,657.0,3,Immobilier,25581.0,120,1.78,Oui,1,2,12.6,0.2994,232.87,3.27,0.316,0.5,0,1,0,0,0,0,1,0,0,0,0,0,0,0,0,0,1,0
CLI00168,2006-07-07,2006,60.0,M,1,Célibataire,0,51-65,CDD,Normandie,100838.0,Très élevé (>90k),54.8,421.0,1,Immobilier,134948.0,60,4.16,Oui,1,6,17.5,1.3383,2495.03,29.69,0.6214,18.46,0,0,0,0,0,0,1,0,0,0,0,0,1,0,0,0,0,0
CLI00201,1996-01-08,1996,53.0,M,1,Divorcé(e),2,51-65,CDI,Normandie,41275.0,Moyen (30-60k),14.8,545.0,3,Immobilier,126300.0,24,2.1,Non,0,1,28.0,3.06,5378.39,156.37,0.3797,0.5,1,0,0,0,0,0,1,0,0,0,0,0,1,0,0,0,0,0
CLI00070,2022-05-27,2022,57.0,F,0,Veuf/Veuve,3,51-65,CDD,PACA,83215.0,Élevé (60-90k),16.5,806.0,2,Personnel,139828.0,48,9.36,Non,0,2,1.6,1.6803,3503.58,50.52,0.2064,0.5,0,0,0,0,0,0,0,1,0,0,0,0,0,0,0,1,0,0
CLI00188,2013-01-03,2013,45.0,F,0,Marié(e),1,41-50,CDI,Normandie,21596.0,Faible (<30k),11.8,663.0,0,Immobilier,44986.0,12,4.43,Non,0,1,11.0,2.0831,3839.4,213.34,0.1771,0.5,1,0,0,0,0,0,1,0,0,0,0,0,1,0,0,0,0,0
CLI00174,2006-11-30,2006,24.0,F,0,Célibataire,0,18-30,Fonctionnaire,Auvergne-Rhône-Alpes,52674.0,Moyen (30-60k),51.9,582.0,1,Auto,136026.0,84,9.21,Non,0,3,17.1,2.5824,2203.06,50.19,0.426,0.5,0,1,0,0,0,0,0,0,0,0,0,0,0,0,0,0,0,0
CLI00029,2014-07-05,2014,46.0,F,0,Marié(e),1,41-50,CDI,Pays de la Loire,74397.0,Élevé (60-90k),36.9,823.0,0,Consommation,46157.0,48,10.41,Oui,1,7,9.5,0.6204,1179.77,19.03,0.3094,20.27,1,0,0,0,0,1,0,0,0,0,0,0,0,0,0,0,1,0
CLI00136,2004-09-18,2004,47.0,F,0,Célibataire,0,41-50,Fonctionnaire,Nouvelle-Aquitaine,41624.0,Moyen (30-60k),21.8,604.0,4,Immobilier,9757.0,120,3.95,Non,0,5,19.3,0.2344,98.55,2.84,0.5139,11.74,0,1,0,0,0,0,1,0,0,0,0,0,0,1,0,0,0,0
CLI00132,2005-04-25,2005,48.0,F,0,Marié(e),1,41-50,CDI,Bretagne,111229.0,Très élevé (>90k),44.5,421.0,5,Immobilier,24956.0,36,4.0,Non,0,6,18.7,0.2244,736.8,7.95,0.7557,16.66,1,0,0,0,0,0,1,0,0,1,0,0,0,0,0,0,0,0
CLI00273,2012-01-04,2012,57.0,F,0,Divorcé(e),2,51-65,CDI,Pays de la Loire,27865.0,Faible (<30k),51.8,425.0,3,Consommation,125900.0,120,11.63,Oui,1,4,12.0,4.5182,1779.47,76.63,0.6342,15.33,1,0,0,0,0,1,0,0,0,0,0,0,0,0,0,0,1,0
CLI00166,2011-01-04,2011,49.0,M,1,Célibataire,0,41-50,CDD,Île-de-France,23122.0,Faible (<30k),29.7,600.0,1,Auto,70155.0,12,11.75,Non,0,5,13.0,3.0341,6224.98,323.07,0.4162,19.3,0,0,0,0,0,0,0,0,0,0,0,0,0,0,0,0,0,1
CLI00210,1998-10-26,1998,53.0,F,0,Divorcé(e),2,51-65,CDI,Occitanie,52529.0,Moyen (30-60k),57.8,825.0,0,Auto,123865.0,84,8.36,Oui,1,4,25.2,2.358,1952.88,44.61,0.2747,0.5,1,0,0,0,0,0,0,0,0,0,0,0,0,0,1,0,0,0
CLI00043,2014-01-03,2014,25.0,F,0,Célibataire,0,18-30,CDI,Île-de-France,32489.0,Moyen (30-60k),23.8,332.0,3,Personnel,56356.0,48,10.92,Oui,1,1,10.0,1.7346,1454.36,53.72,0.5377,6.8,1,0,0,0,0,0,0,1,0,0,0,0,0,0,0,0,0,1
CLI00024,2013-09-16,2013,42.0,F,0,Marié(e),1,41-50,CDD,Auvergne-Rhône-Alpes,28916.0,Faible (<30k),35.1,783.0,3,Auto,132796.0,60,7.27,Non,0,3,10.3,4.5925,2646.47,109.83,0.3361,0.8,0,0,0,0,0,0,0,0,0,0,0,0,0,0,0,0,0,0
CLI00092,2021-02-07,2021,22.0,M,1,Marié(e),1,18-30,Fonctionnaire,Auvergne-Rhône-Alpes,103392.0,Très élevé (>90k),52.5,505.0,3,Personnel,32306.0,48,9.24,Oui,1,2,2.9,0.3125,807.62,9.37,0.5279,0.5,0,1,0,0,0,0,0,1,0,0,0,0,0,0,0,0,0,0
CLI00279,2022-07-03,2022,56.0,M,1,Divorcé(e),2,51-65,CDD,Pays de la Loire,19342.0,Faible (<30k),6.7,483.0,5,Auto,71017.0,48,4.32,Oui,1,5,1.5,3.6716,1613.69,100.12,0.5932,33.66,0,0,0,0,0,0,0,0,0,0,0,0,0,0,0,0,1,0
CLI00183,2014-09-16,2014,65.0,M,1,Célibataire,0,51-65,CDI,Auvergne-Rhône-Alpes,113462.0,Très élevé (>90k),33.7,631.0,0,Professionnel,35678.0,36,4.62,Non,0,5,9.3,0.3144,1063.23,11.24,0.3665,4.16,1,0,0,0,0,0,0,0,1,0,0,0,0,0,0,0,0,0
CLI00088,2010-09-17,2010,46.0,F,0,Marié(e),1,41-50,CDI,Bretagne,70329.0,Élevé (60-90k),15.4,835.0,4,Personnel,130885.0,12,3.98,Oui,1,2,13.3,1.861,11143.65,190.14,0.2652,0.5,1,0,0,0,0,0,0,1,0,1,0,0,0,0,0,0,0,0
CLI00042,2014-10-23,2014,39.0,M,1,Marié(e),1,31-40,CDD,Île-de-France,25239.0,Faible (<30k),33.8,328.0,5,Immobilier,103723.0,12,3.76,Non,0,7,9.2,4.1096,8820.63,419.38,0.8167,35.0,0,0,0,0,0,0,1,0,0,0,0,0,0,0,0,0,0,1
CLI00101,1995-12-03,1995,54.0,M,1,Célibataire,0,51-65,CDD,PACA,54586.0,Moyen (30-60k),19.9,694.0,1,Immobilier,60176.0,48,2.2,Non,0,7,28.1,1.1024,1310.79,28.82,0.389,23.02,0,0,0,0,0,0,1,0,0,0,0,0,0,0,0,1,0,0
CLI00247,2010-08-11,2010,44.0,M,1,Veuf/Veuve,3,41-50,Indépendant,Pays de la Loire,97239.0,Très élevé (>90k),21.7,503.0,4,Immobilier,133377.0,12,2.9,Non,0,1,13.4,1.3716,11290.12,139.33,0.4636,0.5,0,0,1,0,0,0,1,0,0,0,0,0,0,0,0,0,1,0
CLI00095,2021-10-20,2021,45.0,F,0,Marié(e),1,41-50,Retraité,Île-de-France,73123.0,Élevé (60-90k),26.3,535.0,4,Immobilier,58028.0,120,2.68,Oui,1,7,2.2,0.7936,551.79,9.06,0.6262,35.0,0,0,0,1,0,0,1,0,0,0,0,0,0,0,0,0,0,1
CLI00076,1995-01-08,1995,44.0,F,0,Marié(e),1,41-50,Fonctionnaire,Nouvelle-Aquitaine,43934.0,Moyen (30-60k),30.8,570.0,5,Auto,82834.0,84,8.46,Oui,1,1,29.0,1.8854,1310.13,35.78,0.4838,0.5,0,1,0,0,0,0,0,0,0,0,0,0,0,1,0,0,0,0
CLI00032,2009-03-18,2009,49.0,M,1,Divorcé(e),2,41-50,CDI,Auvergne-Rhône-Alpes,63106.0,Élevé (60-90k),17.7,773.0,4,Consommation,88122.0,120,6.92,Oui,1,1,14.8,1.3964,1019.54,19.39,0.2818,0.5,1,0,0,0,0,1,0,0,0,0,0,0,0,0,0,0,0,0
CLI00191,2009-04-24,2009,60.0,F,0,Célibataire,0,51-65,CDI,Hauts-de-France,91794.0,Très élevé (>90k),36.2,451.0,0,Professionnel,69929.0,84,5.34,Non,0,4,14.7,0.7618,999.58,13.07,0.4587,0.5,1,0,0,0,0,0,0,0,1,0,0,1,0,0,0,0,0,0
CLI00192,2009-01-04,2009,23.0,M,1,Célibataire,0,18-30,Indépendant,Occitanie,100152.0,Très élevé (>90k),42.0,719.0,2,Immobilier,78506.0,84,4.1,Non,0,2,15.0,0.7839,1076.7,12.9,0.3255,0.5,0,0,1,0,0,0,1,0,0,0,0,0,0,0,1,0,0,0
CLI00094,2003-03-20,2003,29.0,F,0,Célibataire,0,18-30,CDI,Île-de-France,37963.0,Moyen (30-60k),44.2,572.0,1,Consommation,65279.0,12,9.93,Oui,1,3,20.8,1.7195,5736.94,181.34,0.4131,0.5,1,0,0,0,0,1,0,0,0,0,0,0,0,0,0,0,0,1
CLI00046,2002-08-14,2002,30.0,M,1,Marié(e),1,18-30,Indépendant,Pays de la Loire,61125.0,Élevé (60-90k),34.2,837.0,5,Professionnel,71656.0,24,8.76,Oui,1,3,21.4,1.1723,3265.7,64.11,0.3795,0.5,0,0,1,0,0,0,0,0,1,0,0,0,0,0,0,0,1,0
CLI00162,2022-04-21,2022,65.0,F,0,Marié(e),1,51-65,CDI,Nouvelle-Aquitaine,34748.0,Moyen (30-60k),63.2,311.0,4,Consommation,76319.5,48,5.86,Oui,1,4,1.7,2.1964,1787.47,61.73,0.7753,26.31,1,0,0,0,0,1,0,0,0,0,0,0,0,1,0,0,0,0
CLI00109,2018-10-21,2018,29.0,M,1,Divorcé(e),2,18-30,CDI,Île-de-France,24090.0,Faible (<30k),24.4,465.0,3,Immobilier,122718.0,48,2.76,Oui,1,5,5.2,5.0941,2703.28,134.66,0.5689,27.83,1,0,0,0,0,0,1,0,0,0,0,0,0,0,0,0,0,1
CLI00106,2002-01-06,2002,49.0,M,1,Marié(e),1,41-50,CDI,Pays de la Loire,42214.0,Moyen (30-60k),45.9,637.0,4,Immobilier,27116.0,120,2.19,Oui,1,1,22.0,0.6423,251.82,7.16,0.4389,0.5,1,0,0,0,0,0,1,0,0,0,0,0,0,0,0,0,1,0
CLI00150,2022-05-27,2022,57.0,F,0,Marié(e),1,51-65,CDI,Occitanie,77399.0,Élevé (60-90k),31.6,682.0,3,Immobilier,98501.0,60,3.09,Oui,1,3,1.6,1.2726,1773.88,27.5,0.3916,3.52,1,0,0,0,0,0,1,0,0,0,0,0,0,0,1,0,0,0
CLI00030,2017-11-27,2017,48.0,M,1,Marié(e),1,41-50,CDI,Pays de la Loire,56765.0,Moyen (30-60k),48.3,700.0,0,Immobilier,59917.0,120,3.17,Oui,1,2,6.1,1.0555,583.28,12.33,0.2733,0.5,1,0,0,0,0,0,1,0,0,0,0,0,0,0,0,0,1,0
CLI00182,2012-01-04,2012,63.0,M,1,Marié(e),1,51-65,CDI,Auvergne-Rhône-Alpes,68448.0,Élevé (60-90k),62.6,582.0,1,Consommation,115904.0,24,5.88,Oui,1,6,12.0,1.6933,5130.67,89.95,0.5385,19.58,1,0,0,0,0,1,0,0,0,0,0,0,0,0,0,0,0,0
CLI00110,2020-01-02,2020,33.0,M,1,Marié(e),1,31-40,CDI,Pays de la Loire,29637.0,Faible (<30k),55.1,843.0,0,Personnel,24256.0,84,6.52,Non,0,4,4.0,0.8184,360.42,14.59,0.2565,7.49,1,0,0,0,0,0,0,1,0,0,0,0,0,0,0,0,1,0
CLI00164,1995-01-08,1995,51.0,M,1,Célibataire,0,51-65,CDI,Nouvelle-Aquitaine,33034.0,Moyen (30-60k),52.0,823.0,3,Immobilier,43565.0,60,3.59,Non,0,3,29.0,1.3188,794.28,28.85,0.3529,0.5,1,0,0,0,0,0,1,0,0,0,0,0,0,1,0,0,0,0
CLI00123,2022-02-07,2022,56.0,M,1,Marié(e),1,51-65,Fonctionnaire,Île-de-France,75108.0,Élevé (60-90k),19.6,391.0,4,Consommation,13070.0,48,11.61,Oui,1,6,1.9,0.174,341.69,5.46,0.6725,30.24,0,1,0,0,0,1,0,0,0,0,0,0,0,0,0,0,0,1
CLI00028,2021-04-21,2021,65.0,M,1,Marié(e),1,51-65,CDI,Hauts-de-France,31456.0,Moyen (30-60k),45.5,316.0,0,Personnel,72506.0,48,8.45,Oui,1,2,2.7,2.305,1785.44,68.11,0.5107,9.05,1,0,0,0,0,0,0,1,0,0,0,1,0,0,0,0,0,0
CLI00105,2010-08-11,2010,62.0,M,1,Célibataire,0,51-65,CDI,Nouvelle-Aquitaine,35144.0,Moyen (30-60k),39.9,619.0,4,Consommation,81589.0,48,7.8,Oui,1,6,13.4,2.3216,1984.18,67.75,0.5782,27.84,1,0,0,0,0,1,0,0,0,0,0,0,0,1,0,0,0,0
CLI00061,2006-05-31,2006,27.0,F,0,Célibataire,0,18-30,Fonctionnaire,Normandie,62238.0,Élevé (60-90k),57.6,758.0,1,Consommation,69435.0,36,3.98,Non,0,7,17.6,1.1156,2049.38,39.51,0.4425,24.33,0,1,0,0,0,1,0,0,0,0,0,0,1,0,0,0,0,0
CLI00147,2015-05-29,2015,36.0,M,1,Marié(e),1,31-40,CDI,Auvergne-Rhône-Alpes,113257.0,Très élevé (>90k),57.9,617.0,4,Professionnel,76319.5,12,6.02,Oui,1,5,8.6,0.6739,6569.25,69.6,0.5959,11.77,1,0,0,0,0,0,0,0,1,0,0,0,0,0,0,0,0,0
CLI00084,1994-12-03,1994,62.0,F,0,Marié(e),1,51-65,Fonctionnaire,Pays de la Loire,115239.0,Très élevé (>90k),43.0,326.0,1,Immobilier,81077.0,12,3.37,Oui,1,5,29.1,0.7036,6880.38,71.65,0.6238,6.4,0,1,0,0,0,0,1,0,0,0,0,0,0,0,0,0,1,0
CLI00235,2011-07-06,2011,53.0,F,0,Marié(e),1,51-65,CDI,Île-de-France,56110.0,Moyen (30-60k),41.7,694.0,2,Professionnel,60029.0,60,8.31,Non,0,6,12.5,1.0698,1226.1,26.22,0.455,18.03,1,0,0,0,0,0,0,0,1,0,0,0,0,0,0,0,0,1
CLI00284,2019-08-09,2019,23.0,M,1,Marié(e),1,18-30,CDD,Normandie,115829.0,Très élevé (>90k),57.5,593.0,3,Immobilier,39008.0,36,3.49,Non,0,3,4.4,0.3368,1142.84,11.84,0.513,0.5,0,0,0,0,0,0,1,0,0,0,0,0,1,0,0,0,0,0
CLI00195,2005-09-18,2005,38.0,F,0,Célibataire,0,31-40,CDI,PACA,44069.0,Moyen (30-60k),11.6,811.0,0,Professionnel,118453.0,24,10.52,Oui,1,3,18.3,2.6879,5494.48,149.61,0.1395,0.5,1,0,0,0,0,0,0,0,1,0,0,0,0,0,0,1,0,0
CLI00244,2009-05-30,2009,32.0,M,1,Célibataire,0,31-40,CDD,Nouvelle-Aquitaine,71441.0,Élevé (60-90k),53.7,583.0,3,Personnel,66268.0,84,8.99,Non,0,4,14.6,0.9276,1065.85,17.9,0.5384,1.73,0,0,0,0,0,0,0,1,0,0,0,0,0,1,0,0,0,0
CLI00126,2015-10-23,2015,24.0,F,0,Divorcé(e),2,18-30,Fonctionnaire,Pays de la Loire,54668.0,Moyen (30-60k),41.8,524.0,2,Personnel,62761.0,36,8.62,Non,0,5,8.2,1.148,1984.7,43.57,0.5348,14.76,0,1,0,0,0,0,0,1,0,0,0,0,0,0,0,0,1,0
CLI00167,2006-09-18,2006,46.0,M,1,Célibataire,0,41-50,CDI,Île-de-France,36030.0,Moyen (30-60k),38.0,542.0,0,Consommation,57487.0,24,5.01,Oui,1,7,17.3,1.5955,2522.29,84.01,0.491,30.0,1,0,0,0,0,1,0,0,0,0,0,0,0,0,0,0,0,1
CLI00241,2003-06-01,2003,39.0,M,1,Divorcé(e),2,31-40,Retraité,PACA,18117.0,Faible (<30k),31.0,575.0,3,Consommation,79532.0,120,3.87,Non,0,5,20.6,4.3899,800.32,53.01,0.5154,20.66,0,0,0,1,0,1,0,0,0,0,0,0,0,0,0,1,0,0
CLI00254,1996-06-02,1996,47.0,F,0,Marié(e),1,41-50,Indépendant,Nouvelle-Aquitaine,82323.0,Élevé (60-90k),41.9,633.0,5,Professionnel,34402.0,120,5.59,Non,0,3,27.6,0.4179,374.89,5.46,0.5286,0.5,0,0,1,0,0,0,0,0,1,0,0,0,0,1,0,0,0,0
CLI00228,2009-04-24,2009,41.0,F,0,Marié(e),1,41-50,CDI,Bretagne,45446.0,Moyen (30-60k),62.9,560.0,1,Professionnel,40954.0,60,6.75,Non,0,1,14.7,0.9012,806.12,21.29,0.4104,0.5,1,0,0,0,0,0,0,0,1,1,0,0,0,0,0,0,0,0
CLI00282,2005-09-18,2005,39.0,F,0,Célibataire,0,31-40,Fonctionnaire,Normandie,111070.0,Très élevé (>90k),28.3,477.0,3,Immobilier,20048.0,24,2.32,Oui,1,2,18.3,0.1805,855.67,9.24,0.4853,0.5,0,1,0,0,0,0,1,0,0,0,0,0,1,0,0,0,0,0
CLI00190,2003-07-08,2003,33.0,M,1,Veuf/Veuve,3,31-40,CDI,Normandie,25561.0,Faible (<30k),60.2,831.0,4,Professionnel,106358.0,84,6.76,Non,0,3,20.5,4.1609,1592.78,74.78,0.4083,0.5,1,0,0,0,0,0,0,0,1,0,0,0,1,0,0,0,0,0
CLI00152,2013-08-10,2013,53.0,M,1,Célibataire,0,51-65,Fonctionnaire,PACA,68428.0,Élevé (60-90k),7.3,758.0,5,Immobilier,138789.0,60,3.22,Non,0,6,10.4,2.0282,2507.45,43.97,0.4482,20.0,0,1,0,0,0,0,1,0,0,0,0,0,0,0,0,1,0,0
CLI00001,2008-07-06,2008,60.0,F,0,Veuf/Veuve,3,51-65,CDI,Bretagne,24970.0,Faible (<30k),20.4,594.0,1,Consommation,129450.0,60,10.13,Non,0,1,15.5,5.1842,2758.72,132.58,0.2825,0.5,1,0,0,0,0,1,0,0,0,1,0,0,0,0,0,0,0,0
CLI00268,2011-11-29,2011,45.0,M,1,Marié(e),1,41-50,CDI,Normandie,38128.0,Moyen (30-60k),33.2,789.0,5,Immobilier,62492.0,48,4.25,Oui,1,3,12.1,1.639,1418.01,44.63,0.4075,0.5,1,0,0,0,0,0,1,0,0,0,0,0,1,0,0,0,0,0
CLI00256,2003-01-06,2003,22.0,F,0,Marié(e),1,18-30,Indépendant,Grand Est,76067.0,Élevé (60-90k),27.5,592.0,4,Personnel,52924.0,36,11.91,Oui,1,3,21.0,0.6958,1755.56,27.69,0.4786,0.5,0,0,1,0,0,0,0,1,0,0,1,0,0,0,0,0,0,0
CLI00277,2015-10-23,2015,56.0,M,1,Marié(e),1,51-65,CDD,Auvergne-Rhône-Alpes,52387.0,Moyen (30-60k),5.1,338.0,0,Immobilier,126789.0,24,3.53,Oui,1,4,8.2,2.4202,5479.32,125.51,0.4529,9.67,0,0,0,0,0,0,1,0,0,0,0,0,0,0,0,0,0,0
CLI00263,2012-03-17,2012,56.0,F,0,Veuf/Veuve,3,51-65,CDD,Auvergne-Rhône-Alpes,19828.0,Faible (<30k),50.0,784.0,1,Immobilier,106371.0,48,3.0,Oui,1,1,11.8,5.3647,2354.45,142.49,0.2356,0.5,0,0,0,0,0,0,1,0,0,0,0,0,0,0,0,0,0,0
CLI00255,2016-01-03,2016,23.0,F,0,Célibataire,0,18-30,CDI,Bretagne,109922.0,Très élevé (>90k),34.2,810.0,3,Immobilier,9263.0,12,2.02,Non,0,2,8.0,0.0843,780.39,8.52,0.2881,0.5,1,0,0,0,0,0,1,0,0,1,0,0,0,0,0,0,0,0
CLI00300,2011-11-29,2011,33.0,M,1,Marié(e),1,31-40,Indépendant,Île-de-France,91698.0,Très élevé (>90k),63.9,610.0,5,Immobilier,74626.0,84,3.69,Non,0,4,12.1,0.8138,1009.43,13.21,0.6268,2.08,0,0,1,0,0,0,1,0,0,0,0,0,0,0,0,0,0,1
CLI00089,2001-08-14,2001,28.0,F,0,Veuf/Veuve,3,18-30,CDI,Hauts-de-France,64514.0,Élevé (60-90k),44.3,677.0,4,Auto,114777.0,84,10.02,Oui,1,7,22.4,1.7791,1906.62,35.46,0.5808,27.89,1,0,0,0,0,0,0,0,0,0,0,1,0,0,0,0,0,0
CLI00078,1998-09-20,1998,42.0,M,1,Marié(e),1,41-50,CDD,Auvergne-Rhône-Alpes,79886.0,Élevé (60-90k),9.5,507.0,1,Personnel,19153.0,48,6.6,Oui,1,5,25.3,0.2398,455.1,6.84,0.4249,3.22,0,0,0,0,0,0,0,1,0,0,0,0,0,0,0,0,0,0
CLI00124,1995-07-10,1995,58.0,F,0,Marié(e),1,51-65,Indépendant,Nouvelle-Aquitaine,105044.0,Très élevé (>90k),44.1,541.0,3,Immobilier,131161.0,24,2.33,Non,0,1,28.5,1.2486,5598.67,63.96,0.4555,0.5,0,0,1,0,0,0,1,0,0,0,0,0,0,1,0,0,0,0
CLI00096,1996-07-09,1996,32.0,M,1,Marié(e),1,31-40,CDI,Occitanie,110705.0,Très élevé (>90k),36.5,820.0,3,Consommation,109263.0,48,7.0,Oui,1,5,27.5,0.987,2616.44,28.36,0.3732,0.5,1,0,0,0,0,1,0,0,0,0,0,0,0,0,1,0,0,0
CLI00295,2000-08-13,2000,29.0,M,1,Célibataire,0,18-30,CDD,Île-de-France,26567.0,Faible (<30k),24.3,816.0,0,Immobilier,93929.0,60,3.99,Oui,1,4,23.4,3.5356,1729.42,78.12,0.1967,0.85,0,0,0,0,0,0,1,0,0,0,0,0,0,0,0,0,0,1
CLI00012,1998-01-07,1998,45.0,F,0,Célibataire,0,41-50,CDI,Occitanie,65926.0,Élevé (60-90k),25.8,625.0,0,Immobilier,136149.0,24,3.94,Oui,1,7,26.0,2.0652,5908.62,107.55,0.4077,22.84,1,0,0,0,0,0,1,0,0,0,0,0,0,0,1,0,0,0
CLI00115,1994-08-15,1994,58.0,M,1,Marié(e),1,51-65,Fonctionnaire,Occitanie,101807.0,Très élevé (>90k),27.3,691.0,4,Immobilier,61264.0,12,3.25,Oui,1,2,29.4,0.6018,5195.65,61.24,0.3866,0.5,0,1,0,0,0,0,1,0,0,0,0,0,0,0,1,0,0,0
CLI00258,2018-08-09,2018,26.0,F,0,Marié(e),1,18-30,Retraité,Grand Est,63587.0,Élevé (60-90k),36.4,581.0,2,Professionnel,147736.0,36,11.57,Oui,1,5,5.4,2.3234,4876.66,92.03,0.485,14.93,0,0,0,1,0,0,0,0,1,0,1,0,0,0,0,0,0,0
CLI00220,2006-05-31,2006,32.0,M,1,Marié(e),1,31-40,Sans emploi,Nouvelle-Aquitaine,89158.0,Élevé (60-90k),24.2,530.0,0,Personnel,116496.0,48,4.89,Oui,1,1,17.6,1.3066,2677.02,36.03,0.2927,0.5,0,0,0,0,1,0,0,1,0,0,0,0,0,1,0,0,0,0
CLI00253,1996-03-21,1996,37.0,F,0,Marié(e),1,31-40,CDI,Normandie,60101.0,Élevé (60-90k),53.9,550.0,2,Personnel,86182.0,48,7.91,Non,0,2,27.8,1.434,2100.32,41.94,0.4628,0.5,1,0,0,0,0,0,0,1,0,0,0,0,1,0,0,0,0,0
CLI00286,1995-10-27,1995,37.0,M,1,Célibataire,0,31-40,CDI,Hauts-de-France,54258.0,Moyen (30-60k),48.4,683.0,2,Immobilier,88559.0,36,3.28,Oui,1,7,28.2,1.6322,2586.35,57.2,0.5073,23.2,1,0,0,0,0,0,1,0,0,0,0,1,0,0,0,0,0,0
CLI00262,2002-12-01,2002,62.0,M,1,Marié(e),1,51-65,CDI,Bretagne,60533.0,Élevé (60-90k),5.7,497.0,3,Immobilier,133575.0,36,3.19,Non,0,4,21.1,2.2066,3895.72,77.23,0.4732,6.66,1,0,0,0,0,0,1,0,0,1,0,0,0,0,0,0,0,0
CLI00179,2012-05-29,2012,30.0,M,1,Divorcé(e),2,18-30,Fonctionnaire,Occitanie,28267.0,Faible (<30k),20.3,744.0,2,Consommation,31399.0,60,11.85,Oui,1,1,11.6,1.1108,696.08,29.55,0.2268,0.5,0,1,0,0,0,1,0,0,0,0,0,0,0,0,1,0,0,0
CLI00020,2015-04-23,2015,65.0,M,1,Veuf/Veuve,3,51-65,CDI,Normandie,68612.0,Élevé (60-90k),52.2,521.0,4,Consommation,107974.0,36,6.18,Non,0,2,8.7,1.5737,3293.59,57.6,0.557,0.5,1,0,0,0,0,1,0,0,0,0,0,0,1,0,0,0,0,0
CLI00170,2019-09-15,2019,22.0,F,0,Marié(e),1,18-30,CDI,Nouvelle-Aquitaine,73658.0,Élevé (60-90k),30.5,655.0,0,Immobilier,45806.0,120,2.39,Oui,1,3,4.3,0.6219,429.53,7.0,0.2861,0.5,1,0,0,0,0,0,1,0,0,0,0,0,0,1,0,0,0,0
CLI00240,2001-07-08,2001,60.0,F,0,Marié(e),1,51-65,Fonctionnaire,PACA,105886.0,Très élevé (>90k),57.6,432.0,0,Immobilier,131678.0,12,4.05,Oui,1,6,22.5,1.2436,11215.38,127.1,0.5814,11.74,0,1,0,0,0,0,1,0,0,0,0,0,0,0,0,1,0,0
CLI00161,1995-12-03,1995,65.0,M,1,Célibataire,0,51-65,Indépendant,Île-de-France,62247.0,Élevé (60-90k),64.5,313.0,5,Immobilier,43000.0,60,1.67,Non,0,7,28.1,0.6908,747.5,14.41,0.903,35.0,0,0,1,0,0,0,1,0,0,0,0,0,0,0,0,0,0,1
CLI00074,1999-02-13,1999,29.0,M,1,Marié(e),1,18-30,CDI,Île-de-France,64514.0,Élevé (60-90k),42.2,462.0,2,Auto,135330.0,60,11.13,Oui,1,7,24.9,2.0977,2951.18,54.89,0.6324,22.9,1,0,0,0,0,0,0,0,0,0,0,0,0,0,0,0,0,1
CLI00018,1994-03-22,1994,23.0,F,0,Divorcé(e),2,18-30,Sans emploi,Grand Est,27860.0,Faible (<30k),57.4,711.0,5,Consommation,148026.0,36,5.54,Non,0,6,29.8,5.3132,4472.45,192.64,0.6034,22.42,0,0,0,0,1,1,0,0,0,0,1,0,0,0,0,0,0,0
CLI00063,2003-09-19,2003,25.0,M,1,Célibataire,0,18-30,Fonctionnaire,PACA,57764.0,Moyen (30-60k),56.1,681.0,2,Auto,134038.0,36,8.48,Oui,1,4,20.3,2.3204,4230.01,87.88,0.4421,1.7,0,1,0,0,0,0,0,0,0,0,0,0,0,0,0,1,0,0
CLI00250,2007-02-11,2007,63.0,M,1,Marié(e),1,51-65,CDI,Grand Est,115579.0,Très élevé (>90k),44.5,796.0,4,Immobilier,45809.0,36,2.28,Oui,1,6,16.9,0.3963,1317.69,13.68,0.477,11.85,1,0,0,0,0,0,1,0,0,0,1,0,0,0,0,0,0,0
CLI00229,2012-04-23,2012,57.0,F,0,Célibataire,0,51-65,CDI,Occitanie,31046.0,Moyen (30-60k),34.3,748.0,4,Consommation,32856.0,120,10.63,Non,0,5,11.7,1.0583,445.74,17.23,0.4535,14.55,1,0,0,0,0,1,0,0,0,0,0,0,0,0,1,0,0,0
CLI00239,1999-03-21,1999,61.0,M,1,Marié(e),1,51-65,CDI,Normandie,64514.0,Élevé (60-90k),39.6,556.0,5,Immobilier,60961.0,24,3.32,Oui,1,2,24.8,0.9449,2628.82,48.9,0.5432,0.5,1,0,0,0,0,0,1,0,0,0,0,0,1,0,0,0,0,0
CLI00230,2002-09-19,2002,40.0,F,0,Marié(e),1,31-40,Sans emploi,Pays de la Loire,42818.0,Moyen (30-60k),14.0,723.0,5,Consommation,7573.0,84,4.74,Non,0,3,21.3,0.1769,106.11,2.97,0.4015,0.5,0,0,0,0,1,1,0,0,0,0,0,0,0,0,0,0,1,0
CLI00048,2014-10-23,2014,23.0,M,1,Célibataire,0,18-30,Indépendant,Nouvelle-Aquitaine,112074.0,Très élevé (>90k),24.1,729.0,1,Consommation,69484.0,60,3.72,Oui,1,5,9.2,0.62,1270.89,13.61,0.3201,3.52,0,0,1,0,0,1,0,0,0,0,0,0,0,1,0,0,0,0
CLI00251,2014-01-03,2014,56.0,F,0,Marié(e),1,51-65,Indépendant,PACA,24469.0,Faible (<30k),23.7,455.0,5,Auto,21725.0,84,4.58,Non,0,5,10.0,0.8879,302.79,14.85,0.6535,25.63,0,0,1,0,0,0,0,0,0,0,0,0,0,0,0,1,0,0
CLI00080,2011-05-30,2011,39.0,M,1,Célibataire,0,31-40,CDD,Île-de-France,101251.0,Très élevé (>90k),20.9,359.0,5,Immobilier,149071.0,120,3.56,Non,0,1,12.6,1.4723,1478.3,17.52,0.5933,0.5,0,0,0,0,0,0,1,0,0,0,0,0,0,0,0,0,0,1
CLI00291,1997-08-14,1997,54.0,M,1,Célibataire,0,51-65,CDI,PACA,30219.0,Moyen (30-60k),34.2,640.0,5,Immobilier,50186.0,12,3.17,Non,0,6,26.4,1.6607,4254.33,168.94,0.5906,22.21,1,0,0,0,0,0,1,0,0,0,0,0,0,0,0,1,0,0
CLI00021,1997-06-02,1997,51.0,F,0,Marié(e),1,51-65,CDI,Hauts-de-France,41574.0,Moyen (30-60k),34.2,336.0,0,Auto,145256.0,12,4.32,Non,0,1,26.6,3.4939,12389.78,357.62,0.4412,0.5,1,0,0,0,0,0,0,0,0,0,0,1,0,0,0,0,0,0
CLI00141,1999-08-14,1999,53.0,M,1,Célibataire,0,51-65,CDI,PACA,61221.0,Élevé (60-90k),34.7,522.0,2,Auto,51163.0,120,10.33,Oui,1,1,24.4,0.8357,685.51,13.44,0.404,0.5,1,0,0,0,0,0,0,0,0,0,0,0,0,0,0,1,0,0
CLI00193,2021-01-01,2021,24.0,M,1,Célibataire,0,18-30,CDI,Île-de-France,44734.0,Moyen (30-60k),14.4,549.0,3,Consommation,39911.0,24,3.91,Non,0,1,3.0,0.8922,1731.53,46.45,0.3761,3.27,1,0,0,0,0,1,0,0,0,0,0,0,0,0,0,0,0,1
CLI00131,2003-04-26,2003,60.0,F,0,Célibataire,0,51-65,CDI,Île-de-France,36777.0,Moyen (30-60k),34.2,389.0,3,Auto,72526.0,12,6.83,Oui,1,2,20.7,1.972,6269.76,204.58,0.556,0.5,1,0,0,0,0,0,0,0,0,0,0,0,0,0,0,0,0,1
CLI00216,1997-03-21,1997,26.0,F,0,Célibataire,0,18-30,CDI,Occitanie,76656.0,Élevé (60-90k),49.9,801.0,1,Immobilier,107870.0,120,4.1,Oui,1,3,26.8,1.4072,1097.27,17.18,0.2816,0.5,1,0,0,0,0,0,1,0,0,0,0,0,0,0,1,0,0,0
CLI00245,2021-02-07,2021,49.0,M,1,Célibataire,0,41-50,Retraité,Normandie,18846.0,Faible (<30k),49.5,420.0,1,Personnel,36653.0,36,3.89,Non,0,5,2.9,1.9449,1080.35,68.79,0.5802,27.47,0,0,0,1,0,0,0,1,0,0,0,0,1,0,0,0,0,0
CLI00060,2022-09-14,2022,23.0,M,1,Célibataire,0,18-30,CDI,Nouvelle-Aquitaine,64514.0,Élevé (60-90k),61.2,582.0,3,Immobilier,133876.0,60,3.22,Non,0,6,1.3,2.0751,2418.69,44.99,0.615,35.0,1,0,0,0,0,0,1,0,0,0,0,0,0,1,0,0,0,0
CLI00222,1997-07-09,1997,54.0,M,1,Veuf/Veuve,3,51-65,Sans emploi,Pays de la Loire,45139.0,Moyen (30-60k),21.2,429.0,3,Immobilier,143155.0,120,2.47,Oui,1,1,26.5,3.1714,1347.57,35.82,0.4695,0.5,0,0,0,0,1,0,1,0,0,0,0,0,0,0,0,0,1,0
CLI00177,2001-09-19,2001,29.0,M,1,Marié(e),1,18-30,CDD,Pays de la Loire,91688.0,Très élevé (>90k),45.0,358.0,3,Consommation,131944.0,12,11.58,Non,0,2,22.3,1.4391,11697.16,153.09,0.6027,0.5,0,0,0,0,0,1,0,0,0,0,0,0,0,0,0,0,1,0
CLI00056,2021-05-27,2021,38.0,M,1,Divorcé(e),2,31-40,Retraité,Grand Est,106464.0,Très élevé (>90k),9.8,456.0,5,Immobilier,107916.0,12,4.03,Oui,1,3,2.6,1.0136,9190.52,103.59,0.5609,8.1,0,0,0,1,0,0,1,0,0,0,1,0,0,0,0,0,0,0
CLI00292,2007-03-19,2007,35.0,F,0,Marié(e),1,31-40,CDI,Pays de la Loire,18235.0,Faible (<30k),41.0,428.0,4,Immobilier,33145.0,48,2.53,Oui,1,7,16.8,1.8177,726.78,47.83,0.731,35.0,1,0,0,0,0,0,1,0,0,0,0,0,0,0,0,0,1,0
CLI00198,1995-08-15,1995,49.0,F,0,Célibataire,0,41-50,CDI,Nouvelle-Aquitaine,91479.0,Très élevé (>90k),27.6,594.0,5,Personnel,124235.0,24,10.3,Non,0,2,28.4,1.3581,5750.03,75.43,0.4891,0.5,1,0,0,0,0,0,0,1,0,0,0,0,0,1,0,0,0,0
CLI00069,2016-02-09,2016,31.0,F,0,Célibataire,0,31-40,Sans emploi,Normandie,99317.0,Très élevé (>90k),38.9,686.0,0,Immobilier,106195.0,60,2.54,Non,0,3,7.9,1.0693,1886.55,22.79,0.2873,0.5,0,0,0,0,1,0,1,0,0,0,0,0,1,0,0,0,0,0
CLI00211,1997-12-02,1997,25.0,M,1,Veuf/Veuve,3,18-30,Indépendant,PACA,93703.0,Très élevé (>90k),20.5,633.0,1,Consommation,144777.0,48,5.07,Non,0,6,26.1,1.5451,3338.7,42.76,0.4008,8.17,0,0,1,0,0,1,0,0,0,0,0,0,0,0,0,1,0,0
CLI00233,2010-09-17,2010,40.0,M,1,Divorcé(e),2,31-40,CDD,Pays de la Loire,94323.0,Très élevé (>90k),50.5,602.0,0,Consommation,65774.0,84,4.1,Oui,1,4,13.3,0.6973,902.08,11.48,0.3984,0.5,0,0,0,0,0,1,0,0,0,0,0,0,0,0,0,0,1,0
CLI00202,1994-10-27,1994,54.0,M,1,Marié(e),1,51-65,Fonctionnaire,Bretagne,90274.0,Très élevé (>90k),21.4,567.0,2,Consommation,91925.0,24,10.17,Non,0,3,29.2,1.0183,4249.09,56.48,0.3993,0.5,0,1,0,0,0,1,0,0,0,1,0,0,0,0,0,0,0,0
CLI00169,2001-12-01,2001,54.0,M,1,Divorcé(e),2,51-65,Indépendant,Bretagne,102717.0,Très élevé (>90k),9.1,446.0,1,Auto,17342.0,48,3.84,Oui,1,5,22.1,0.1688,390.33,4.56,0.4627,4.26,0,0,1,0,0,0,0,0,0,1,0,0,0,0,0,0,0,0
CLI00186,1995-03-22,1995,53.0,M,1,Célibataire,0,51-65,Fonctionnaire,Nouvelle-Aquitaine,65915.0,Élevé (60-90k),12.5,703.0,3,Auto,79055.0,84,6.74,Oui,1,7,28.8,1.1993,1183.13,21.54,0.4448,23.32,0,1,0,0,0,0,0,0,0,0,0,0,0,1,0,0,0,0
CLI00036,1996-02-14,1996,24.0,F,0,Célibataire,0,18-30,CDD,Nouvelle-Aquitaine,39949.0,Moyen (30-60k),14.2,569.0,0,Consommation,76324.0,48,4.63,Oui,1,6,27.9,1.9105,1744.92,52.41,0.3857,18.25,0,0,0,0,0,1,0,0,0,0,0,0,0,1,0,0,0,0
CLI00130,2007-08-13,2007,35.0,M,1,Marié(e),1,31-40,CDI,Grand Est,64514.0,Élevé (60-90k),13.0,465.0,1,Immobilier,132738.0,24,1.65,Non,0,4,16.4,2.0575,5626.31,104.65,0.4318,7.4,1,0,0,0,0,0,1,0,0,0,1,0,0,0,0,0,0,0
